ASX Mining & Oil Market - Daily,,,,,,,,,,,,,,,,,
XAO 4643.0 at 16:36 14/5/2010  Report at 19:05 Friday 14/5/2010. Processed 20:03 Friday 14/5/2010.,,,,,,,,,,,,,,,,,
,,,,,,,,,,,,,,,,,
,,,,,,,,,,,,,,,,,
,,,,,,,,,,,,,,,,,
52 Wk High,52 Wk Low,Day's High,Day's Low,ASX Code,Security Description,Last Sale,+ or -,Vol 100's,Quote Buy,Quote Sell,Div ¢ per share,Franked Div,Div Tms Cov,NTA,Div yld %,Earn share ¢,P/E Ratio
0.39,0.086,0.18,0.175,TDO,3D Oil Ltd,0.18,1,370,0.175,0.18,-,,-,-,-,-0.27,-
0.026,0.009,0.022,0.021,DDD,3D Res Ltd,0.022,0.1,2400,0.021,0.022,-,,-,-,-,-1.9,-
0.109,0.025,0.065,0.064,AAO,A'asia Gold,0.064,,1000,0.062,0.072,-,,-,-,-,-1.28,-
0.02,0.012,-,-,AAOO,  opt apr13,0.02,,-,0.016,0.02,-,,-,-,-,-,-
0.70,0.32,0.35,0.32,ARH,A'asian Resour,0.325,-1.5,1495,0.325,0.35,-,,-,-,-,-1.4,-
0.42,0.13,0.235,0.22,AAM,A1 Min Ltd,0.23,1,8042,0.225,0.23,-,,-,-,-,-3.56,-
0.07,0.012,0.024,0.022,ABU,ABM Res NL,0.022,-0.1,51282,0.022,0.023,-,,-,-,-,-4.09,-
0.25,0.11,-,-,AII,Abra Min Ltd,0.11,,-,0.12,0.185,-,,-,-,-,-1.94,-
0.60,0.30,0.35,0.34,ACB,A-Cap Res,0.35,0.5,970,0.34,0.35,-,,-,0.14,-,-0.91,-
0.27,0.10,0.18,0.18,ACS,Accent Res NL,0.18,,48,0.16,0.19,-,,-,-,-,-1.53,-
0.029,0.004,0.017,0.015,AEX,Acclaim Explore,0.017,,4181,0.016,0.017,-,,-,-,-,-0.38,-
0.003,0.003,-,-,AEXCD,  ctg,0.003,,-,-,0.02,-,,-,-,-,-,-
-,-,-,-,AEXO,  opt jun10,-,,-,-,0.001,-,,-,-,-,-,-
0.14,0.05,0.10,0.10,AIV,Activex Ltd,0.10,,750,0.095,0.11,-,,-,-,-,-1.49,-
0.06,0.001,-,-,AIVO,  opt jul10,0.01,,-,0.015,0.032,-,,-,-,-,-,-
0.555,0.303,0.555,0.52,ADU,Adamus Res,0.54,3.5,35407,0.53,0.54,-,,-,-,-,-12.87,-
0.065,0.019,-,-,ADD,Adavale Resource,0.031,,-,0.031,0.037,-,,-,0.02,-,-0.96,-
0.215,0.105,0.16,0.15,ADE,Adelaide Energy,0.15,,1327,0.15,0.16,-,,-,-,-,0.97,15.5
-,-,-,-,ADEN,  def,-,,-,-,-,-,,-,-,-,-,-
0.395,0.068,0.175,0.17,ADN,Adelaide Res,0.17,-0.5,731,0.165,0.18,-,,-,-,-,-0.56,-
0.385,0.058,0.28,0.275,ADI,Adelphi Energy,0.28,,7637,0.28,0.285,-,,-,-,-,-4.27,-
1.65,0.485,0.96,0.935,ABY,Aditya Birla,0.95,-1,3156,0.95,0.96,-,,-,1.51,-,19.61,4.8
0.032,0.009,0.01,0.01,ADY,Admiralty Res,0.01,,49533,0.01,0.011,-,,-,-,-,0.09,11.1
0.125,0.036,-,-,AVD,Advance Energy,0.037,,-,0.011,0.029,-,,-,-,-,-3.1,-
1.04,0.50,0.60,0.565,AED,AED Oil Ltd,0.60,3,1293,0.575,0.60,-,,-,1.03,-,-48.17,-
0.24,0.05,-,-,AFR,African Energy Res cdi,0.085,,-,0.086,0.089,-,,-,-,-,-1.13,-
0.027,0.009,-,-,AAE,Agri Energy Ltd,0.011,,-,0.011,0.012,-,,-,-,-,15.8,0.1
0.245,0.14,-,-,ALG,Alamar Res Ltd,0.19,,-,0.18,0.21,-,,-,-,-,-1.34,-
-,-,-,-,ALGO,  opt mar13,-,,-,0.022,0.08,-,,-,-,-,-,-
0.25,0.048,0.10,0.091,AUQ,Alara Res Ltd,0.092,-0.8,893,0.092,0.11,-,,-,-,-,-1.9,-
1.27,0.069,0.55,0.515,ALY,Alchemy Resource,0.545,-0.5,5597,0.545,0.55,-,,-,-,-,-3.2,-
0.96,0.002,0.31,0.265,ALYO,  opt aug10,0.28,-2,990,0.28,0.30,-,,-,-,-,-,-
0.06,0.023,0.029,0.028,AYN,Alcyone Res Ltd,0.028,-0.1,6769,0.027,0.028,-,,-,-,-,-6.05,-
0.021,0.021,-,-,AYNOB,  opt sep11,-,,-,-,-,-,,-,-,-,-,-
0.49,0.25,0.315,0.305,ALK,Alkane Res Ltd,0.31,0.5,1614,0.31,0.32,-,,-,-,-,0.93,33.3
0.98,0.38,0.415,0.395,AGS,Alliance Res,0.405,-0.5,1646,0.395,0.415,-,,-,-,-,-1.97,-
0.55,0.25,0.38,0.36,ALD,Allied Gold Ltd,0.375,-0.5,8979,0.375,0.38,-,,-,0.26,-,-3.42,-
0.042,0.019,-,-,AYR,Alloy Res,0.036,,-,0.032,0.036,-,,-,-,-,-0.62,-
0.37,0.067,0.23,0.21,AJM,Altura Min Ltd,0.21,-1,558,0.205,0.22,-,,-,-,-,-5.11,-
0.08,0.005,-,-,AJMO,  opt may10,0.007,,-,-,0.001,-,,-,-,-,-,-
2.06,1.08,1.715,1.675,AWC,Alumina Ltd,1.705,1.5,193682,1.70,1.71,2,f,-,1.21,1.17,-1.2,-
0.43,0.185,0.21,0.20,AMU,Amadeus Energy,0.21,1,4749,0.205,0.21,-,,-,0.34,-,-10.17,-
0.25,0.085,0.15,0.15,AXZ,Amex Res,0.15,,40,0.14,0.15,-,,-,-,-,-2.85,-
1.94,0.25,1.835,1.765,AMX,Ampella Min,1.805,,2984,1.805,1.83,-,,-,-,-,-7,-
1.755,0.13,1.645,1.605,AMXO,  opt jul10,1.645,-11,212,1.60,1.675,-,,-,-,-,-,-
0.28,0.036,-,-,AHR,Anchor Res,0.17,,-,0.17,0.195,-,,-,-,-,-2.05,-
3.58,1.56,3.45,3.34,AND,Andean Res Ltd,3.42,-8,4340,3.37,3.42,-,,-,-,-,-4.64,-
1.30,0.97,-,-,ATM,Aneka Tambang cdi,1.30,,-,1.25,-,2.94,,0.24,0.10,2.26,0.7,185.7
0.044,0.018,0.026,0.024,AAR,Anglo Aust,0.025,-0.1,7780,0.025,0.026,-,,-,-,-,-0.14,-
3.50,2.581,-,-,AGP,Anglo Pacific Grp,3.06,,-,2.81,-,14.64,,2.35,-,4.78,34.4,8.9
11.00,7.65,-,-,AGG,Anglogold Ashanti,9.75,,-,8.65,9.55,3.87,,-,8.69,0.40,-99.23,-
0.885,0.135,0.68,0.665,AZZ,Antares Energy,0.675,-0.5,12553,0.675,0.68,-,,-,-,-,-1.6,-
4.56,1.35,3.95,3.75,AVM,Anvil Min cdi,3.95,30,326,3.65,3.94,-,,-,-,-,-23.97,-
0.08,0.035,-,-,AAL,Apac Coal,0.058,,-,0.058,0.06,-,,-,-,-,1.53,3.8
0.187,0.014,0.022,0.02,AXM,Apex Min NL,0.021,-0.1,199954,0.02,0.021,-,,-,-,-,-26.39,-
0.025,0.005,0.007,0.007,AXMO,  opt nov12,0.007,-0.1,11665,0.006,0.007,-,,-,-,-,-,-
0.87,0.35,0.715,0.71,AZO,Apollo Gas Ltd,0.71,0.5,800,0.67,0.715,-,,-,-,-,-,-
0.40,0.145,0.155,0.145,AON,Apollo Min Ltd,0.155,0.5,1800,0.145,0.16,-,,-,-,-,-6.59,-
0.025,0.012,-,-,AONO,  opt nov11,0.02,,-,0.006,-,-,,-,-,-,-,-
7.95,3.74,7.06,6.89,AQP,Aquarius Platinum,7.00,,9565,6.90,7.05,2.26,,9.20,-,0.32,20.79,33.7
11.38,3.655,9.77,9.66,AQA,Aquila Res,9.72,-21,2648,9.65,9.84,-,,-,-,-,-14.8,-
1.285,0.45,0.52,0.49,ARU,Arafura Resource,0.49,-3,9685,0.49,0.51,-,,-,-,-,-5.1,-
0.27,0.072,0.25,0.235,AAG,Aragon Res,0.24,-1,4083,0.24,0.25,-,,-,-,-,-3.87,-
0.05,0.003,0.04,0.04,AAGO,  opt sep10,0.04,,125,0.02,0.04,-,,-,-,-,-,-
0.065,0.009,0.043,0.042,ARX,ARC Explore Ltd,0.042,-0.1,696,0.04,0.043,-,,-,-,-,8.42,0.5
0.016,0.001,-,-,ARXO,  opt jun12,0.002,,-,0.002,0.012,-,,-,-,-,-,-
0.026,0.009,-,-,ARXOA,  opt jan11,0.01,,-,0.009,0.012,-,,-,-,-,-,-
0.21,0.056,0.13,0.13,AXE,Archer Explore,0.13,2.5,250,0.12,0.135,-,,-,-,-,-1.93,-
0.23,0.10,-,-,ARD,Argent Min,0.20,,-,0.17,0.195,-,,-,-,-,-3.42,-
0.06,0.015,-,-,ARDO,  opt jun11,0.04,,-,0.031,0.04,-,,-,-,-,-,-
0.115,0.03,0.05,0.046,AXT,Argo Explore,0.048,-0.2,1375,0.047,0.054,-,,-,-,-,0.76,6.3
0.105,0.048,0.07,0.065,ARE,Argonaut Res,0.07,0.4,4583,0.066,0.072,-,,-,-,-,0.61,11.5
0.13,0.033,-,-,AGY,Argosy Min cdi,0.04,,-,0.027,0.04,-,,-,-,-,-0.53,-
5.31,3.04,4.93,4.88,AOE,Arrow Energy,4.90,-2,48222,4.89,4.90,-,,-,2.13,-,15.38,31.9
0.199,0.037,0.054,0.051,ARV,Artemis Res,0.051,-0.2,820,0.051,0.054,-,,-,-,-,0.31,16.5
0.058,0.01,-,-,ARVOB,  opt jun11,0.016,,-,0.016,0.023,-,,-,-,-,-,-
0.099,0.008,0.025,0.022,ATN,Ashburton Min,0.023,0.1,5010,0.023,0.024,-,,-,-,-,-0.83,-
0.18,0.013,0.145,0.13,AKM,Aspire Min Ltd,0.135,0.5,9070,0.135,0.14,-,,-,-,-,-7.45,-
0.016,0.004,0.007,0.007,ARO,Astro Res NL,0.007,,116633,0.007,0.008,-,,-,-,-,-0.2,-
0.007,0.001,0.003,0.003,AROOB,  opt nov12,0.003,,34250,0.002,0.004,-,,-,-,-,-,-
0.12,0.031,-,-,AHN,Athena Res,0.06,,-,0.06,0.08,-,,-,-,-,-0.62,-
0.031,0.017,-,-,AHNOA,  opt apr12,0.031,,-,0.013,0.05,-,,-,-,-,-,-
0.10,0.04,0.05,0.05,ATV,Atlantic Gold NL,0.05,,2083,0.05,0.051,-,,-,-,-,-0.25,-
0.03,0.011,-,-,ATVCD,  ctg,0.012,,-,-,0.03,-,,-,-,-,-,-
0.045,0.008,-,-,ATVOA,  opt jan11,0.008,,-,0.006,0.01,-,,-,-,-,-,-
3.05,1.475,2.34,2.30,AGO,Atlas Iron Ltd,2.32,-3,51054,2.30,2.32,-,,-,-,-,-15.5,-
0.125,0.03,0.05,0.047,AXY,Atom Energy Ltd,0.05,0.5,1819,0.045,0.05,-,,-,-,-,-0.88,-
0.01,0.001,-,-,AXYO,  opt oct10,0.001,,-,-,0.001,-,,-,-,-,-,-
0.185,0.092,0.17,0.16,ATQ,Atomic Res,0.17,1,2060,0.165,0.17,-,,-,-,-,-6.9,-
0.04,0.001,-,-,ATQO,  opt aug11,0.035,,-,0.035,0.06,-,,-,-,-,-,-
0.26,0.125,-,-,ACZ,Atticus Resource,0.15,,-,0.14,0.17,-,,-,-,-,-0.49,-
0.09,0.03,-,-,ACZO,  opt sep12,0.03,,-,0.03,0.05,-,,-,-,-,-,-
0.212,0.081,0.18,0.16,ADX,Audax Res,0.175,1,10958,0.17,0.175,-,,-,-,-,-0.89,-
0.25,0.016,0.19,0.175,AUK,Augur Res Ltd,0.175,-1.5,1553,0.175,0.185,-,,-,-,-,-0.82,-
0.045,0.009,-,-,AUKO,  opt jun10,0.03,,-,0.005,0.03,-,,-,-,-,-,-
0.47,0.10,0.30,0.30,AUJ,Augustus Min,0.30,-4.5,22,0.31,0.38,-,,-,-,-,-0.66,-
0.215,0.05,0.06,0.06,AUJO,  opt jul10,0.06,1,3100,0.05,0.075,-,,-,-,-,-,-
0.33,0.08,0.18,0.175,AEE,Aura Energy,0.18,1,1276,0.175,0.185,-,,-,-,-,-3.57,-
0.075,0.019,-,-,AGU,Aurium Res,0.025,,-,0.025,0.026,-,,-,-,-,-4.35,-
0.01,0.001,-,-,AGUO,  opt may10,0.001,,-,-,0.001,-,,-,-,-,-,-
0.025,0.008,-,-,AGUOA,  opt sep12,0.01,,-,0.006,0.01,-,,-,-,-,-,-
1.26,0.135,0.80,0.72,ARM,Aurora Min Ltd,0.77,5.5,12457,0.77,0.78,-,,-,-,-,-5.78,-
0.715,0.11,0.71,0.685,AUT,Aurora Oil & Gas,0.705,1.5,8670,0.695,0.705,-,,-,-,-,-1.8,-
0.985,0.22,0.755,0.74,AXO,Aurox Res,0.75,,2878,0.745,0.75,-,,-,-,-,-7.57,-
0.248,0.13,0.17,0.17,AUC,Ausgold Ltd,0.17,-0.5,100,0.16,0.175,-,,-,-,-,-0.39,-
0.07,0.036,0.05,0.05,AUCO,  opt mar13,0.05,0.2,1225,0.045,0.058,-,,-,-,-,-,-
0.34,0.18,0.225,0.225,AOA,Ausmon Resources,0.225,0.5,370,0.225,0.25,-,,-,-,-,0.86,26.2
-,-,-,-,AOAO,  opt jun14,-,,-,0.003,-,-,,-,-,-,-,-
0.20,0.105,0.185,0.17,AQD,Ausquest Ltd,0.18,1.5,6505,0.18,0.185,-,,-,-,-,-2.98,-
0.79,0.038,0.43,0.37,AQR,Aussie Q Res,0.425,1.5,11005,0.415,0.43,-,,-,-,-,-0.74,-
0.49,0.25,0.34,0.335,ABZ,Aust Bauxite Ltd,0.335,-1,709,0.335,0.345,-,,-,-,-,-,-
0.065,0.018,0.034,0.03,AGV,Aust Gold Invest,0.034,0.1,800,0.03,0.034,-,,-,-,-,-2.62,-
0.235,0.165,0.185,0.185,AKA,Aust Min Min,0.185,,54,0.175,0.185,-,,-,-,-,-,-
0.04,0.02,0.04,0.035,AKAO,  opt oct11,0.04,1.5,375,0.024,0.04,-,,-,-,-,-,-
0.02,0.001,0.002,0.001,AUZ,Aust Mines Ltd,0.001,,56000,0.001,0.002,-,,-,-,-,0.05,2.0
0.001,0.001,-,-,AUZO,  opt jun13,0.001,,-,-,0.001,-,,-,-,-,-,-
0.16,0.07,-,-,AOC,Aust Oil Co,0.10,,-,0.10,0.13,-,,-,-,-,-3.81,-
0.03,0.012,-,-,AOCOA,  opt dec11,0.019,,-,0.005,0.025,-,,-,-,-,-,-
0.009,0.003,0.004,0.004,AOM,Aust Oriental,0.004,0.1,1250,0.003,0.004,-,,-,-,-,-0.07,-
0.033,0.01,0.014,0.014,ARW,Aust Renewable,0.014,-0.2,6,0.014,0.017,-,,-,0.01,-,-1.56,-
0.216,0.098,0.15,0.145,AOK,Austex Oil Ltd,0.15,,1313,0.15,0.155,-,,-,-,-,-4.22,-
-,-,-,-,AOKN,  def,-,,-,-,-,-,,-,-,-,-,-
0.096,0.025,0.039,0.037,AKK,Austin Explore,0.037,-0.1,14820,0.037,0.04,-,,-,-,-,-2.49,-
0.031,0.008,0.01,0.01,AKKO,  opt nov11,0.01,,1063,0.01,0.014,-,,-,-,-,-,-
0.07,0.029,0.037,0.036,APG,Austpac Res NL,0.036,-0.1,540,0.036,0.038,-,,-,-,-,-0.29,-
0.007,0.001,-,-,AAF,Austral Africa Res,0.002,,-,0.001,0.002,-,,-,-,-,-0.14,-
0.18,0.065,-,-,AGD,Austral Gold,0.17,,-,0.16,0.40,-,,-,-,-,6.17,2.8
0.26,0.11,0.16,0.16,AZX,Auzex Res,0.16,1,760,0.15,0.16,-,,-,-,-,-3.35,-
0.015,0.006,-,-,AZXO,  opt sep10,0.009,,-,-,0.008,-,,-,-,-,-,-
0.297,0.079,0.195,0.19,AVI,Avalon Min,0.19,-1,829,0.19,0.20,-,,-,-,-,-0.68,-
0.044,0.011,0.023,0.022,AVB,Avanco Res Ltd,0.022,-0.1,40623,0.021,0.023,-,,-,-,-,1.23,1.8
0.15,0.001,-,-,AVBO,  opt jun10,0.001,,-,-,0.001,-,,-,-,-,-,-
0.027,0.004,0.013,0.012,AVBOB,  opt apr12,0.012,-0.2,6550,0.012,0.013,-,,-,-,-,-,-
0.17,0.056,0.075,0.075,AVA,Aviva Corp,0.075,,29,0.075,0.08,-,,-,-,-,-10.74,-
2.37,1.48,2.30,2.24,AVO,Avoca Res,2.29,-2,5944,2.28,2.29,-,,-,0.79,-,12.49,18.3
0.17,0.06,0.095,0.095,AVZ,Avonlea Min,0.095,,100,0.10,0.11,-,,-,-,-,-4.1,-
3.17,2.21,2.32,2.28,AWE,AWE Ltd,2.30,-2,39442,2.29,2.30,-,,-,1.74,-,1.43,160.8
0.04,0.018,-,-,AXC,AXG Min Ltd,0.022,,-,0.022,0.027,-,,-,-,-,-1.39,-
0.006,0.001,-,-,AXCO,  opt aug10,0.001,,-,-,0.001,-,,-,-,-,-,-
0.045,0.011,0.024,0.024,AVQ,Axiom Min Ltd cdi,0.024,-0.1,487,0.022,0.025,-,,-,-,-,-0.73,-
0.53,0.10,0.45,0.43,AZM,Azumah Res,0.45,1,20206,0.445,0.45,-,,-,-,-,-2.5,-
0.115,0.034,0.056,0.051,AZS,Azure Min,0.052,-0.4,13120,0.052,0.053,-,,-,-,-,-0.78,-
0.97,0.18,0.74,0.715,BND,Bandanna Energy,0.74,2,191,0.72,0.74,-,,-,-,-,-0.73,-
1.485,0.31,0.41,0.39,BMN,Bannerman Res,0.41,2,2623,0.405,0.41,-,,-,-,-,-7.84,-
0.03,0.003,0.004,0.003,BKP,Baraka Pet,0.004,0.1,12250,0.003,0.004,-,,-,-,-,-0.03,-
0.22,0.065,0.07,0.065,BAR,Barra Res,0.07,,8675,0.069,0.07,-,,-,-,-,-1.89,-
0.029,0.004,-,-,BARO,  opt dec10,0.008,,-,0.002,0.009,-,,-,-,-,-,-
0.16,0.051,0.09,0.086,BSE,Base Iron Ltd,0.089,-0.2,2573,0.089,0.105,-,,-,-,-,-2.4,-
0.349,0.16,0.20,0.195,BSM,Bass Metals Ltd,0.20,,2131,0.20,0.205,-,,-,-,-,13.32,1.5
0.068,0.021,0.031,0.03,BAS,Bass Strait Oil Co,0.03,,1762,0.03,0.031,-,,-,-,-,-0.62,-
0.44,0.075,0.27,0.265,BSR,Bassari Res,0.265,-0.5,1782,0.265,0.27,-,,-,-,-,-1.33,-
0.375,0.084,0.22,0.205,BTV,Batavia Min,0.215,,2419,0.205,0.215,-,,-,-,-,0.3,71.7
0.21,0.03,-,-,BTVO,  opt jun12,0.09,,-,0.093,0.10,-,,-,-,-,-,-
0.19,0.046,0.19,0.17,BTU,Bathurst Res,0.175,-1,24404,0.175,0.18,-,,-,-,-,-16.7,-
0.05,0.007,-,-,BTUO,  opt dec10,0.05,,-,0.03,0.035,-,,-,-,-,-,-
1.345,0.31,0.39,0.37,BAU,Bauxite Resource,0.385,0.5,2989,0.37,0.39,-,,-,-,-,-7.59,-
2.23,0.588,1.91,1.865,BCI,BC Iron Ltd,1.91,,2168,1.90,1.91,-,,-,-,-,-2.65,-
0.175,0.085,0.098,0.095,BCD,BCD Res NL,0.098,0.2,7851,0.092,0.099,-,,-,0.09,-,3.05,3.2
1.04,0.655,0.805,0.79,BPT,Beach Energy Ltd,0.795,-0.5,38301,0.795,0.80,1.75,p,9.17,1.27,2.20,16.05,5.0
0.035,0.001,-,-,BPTO,  opt jun10,0.001,,-,-,0.001,-,,-,-,-,-,-
0.035,0.011,0.024,0.023,BCN,Beacon Min,0.024,0.1,15210,0.023,0.024,-,,-,-,-,1.96,1.2
0.006,0.001,-,-,BCNO,  opt aug10,0.001,,-,-,0.001,-,,-,-,-,-,-
0.022,0.004,0.013,0.012,BCNOA,  opt aug10,0.012,,8805,0.012,0.014,-,,-,-,-,-,-
0.40,0.061,0.175,0.16,BDR,Beadell Resource,0.17,,23984,0.165,0.17,-,,-,-,-,-2.78,-
0.32,0.215,0.25,0.24,BDG,Bendigo Min Ltd,0.24,,7235,0.24,0.245,0.5,,6.40,0.15,2.08,3.2,7.5
1.595,0.90,1.33,1.28,BKY,Berkeley Res,1.31,1,1427,1.27,1.31,-,,-,-,-,-8.92,-
0.85,0.40,0.65,0.65,BKYO,  opt may13,0.65,,460,0.30,0.70,-,,-,-,-,-,-
44.93,31.33,38.94,38.17,BHP,BHP Billiton Ltd,38.64,-18,138214,38.64,38.65,95.15,f,1.95,8.76,2.46,185.29,20.9
0.215,0.037,0.11,0.10,BFE,Black Fire Min,0.10,-0.5,1920,0.10,0.105,-,,-,-,-,-1.1,-
0.045,0.002,-,-,BFEO,  opt jun10,0.004,,-,0.004,0.007,-,,-,-,-,-,-
0.105,0.032,0.042,0.04,BLR,Black Range Min,0.04,-0.1,1350,0.04,0.042,-,,-,-,-,-0.2,-
0.07,0.013,-,-,BLRO,  opt feb11,0.013,,-,0.013,0.019,-,,-,-,-,-,-
0.035,0.005,0.01,0.009,BRD,Black Ridge Min,0.01,,25488,0.009,0.01,-,,-,-,-,-0.26,-
0.007,0.001,-,-,BRDOA,  opt nov10,0.002,,-,0.001,0.003,-,,-,-,-,-,-
0.44,0.11,0.27,0.27,BLK,Blackham Res,0.27,,410,0.27,0.30,-,,-,-,-,-2.27,-
0.14,0.06,-,-,BLKO,  opt oct11,0.08,,-,0.07,0.08,-,,-,-,-,-,-
1.025,0.25,0.715,0.695,BTR,Blackthorn Res,0.695,-2.5,357,0.69,0.695,-,,-,-,-,-9.47,-
0.018,0.006,-,-,BLZ,Blaze Intl,0.008,,-,0.007,0.008,-,,-,-,-,-0.07,-
0.002,0.001,-,-,BLZO,  opt aug10,0.001,,-,-,0.001,-,,-,-,-,-,-
0.04,0.01,0.011,0.01,BDI,Blina Diamonds NL,0.01,-0.1,4065,0.01,0.011,-,,-,-,-,-9.4,-
0.335,0.15,0.20,0.19,BUL,Blue Energy Ltd,0.195,-0.5,6247,0.195,0.20,-,,-,-,-,-2.16,-
0.175,0.07,-,-,BOM,Bondi Min Ltd,0.09,,-,0.09,0.10,-,,-,-,-,-5.48,-
0.069,0.039,0.042,0.042,BOE,Boss Energy Ltd,0.042,0.1,50,0.042,0.049,-,,-,-,-,-4.42,-
0.004,0.001,-,-,BOEO,  opt nov10,0.001,,-,-,0.001,-,,-,-,-,-,-
0.185,0.034,0.062,0.062,BML,Botswana Metals,0.062,0.2,2000,0.06,0.065,-,,-,0.09,-,-0.54,-
0.795,0.45,0.655,0.65,BOC,Bougainville Copper,0.655,-2,680,0.65,0.68,-,,-,0.38,-,0.9,72.8
0.38,0.06,0.12,0.11,BGD,Boulder Steel,0.12,,2086,0.11,0.12,-,,-,0.02,-,-1.77,-
0.18,0.01,0.06,0.06,BGDO,  opt mar12,0.06,,20,0.032,0.06,-,,-,-,-,-,-
0.178,0.016,0.091,0.087,BUY,Bounty Oil & Gas,0.088,-0.4,19092,0.088,0.089,-,,-,-,-,1.9,4.6
1.605,0.71,1.26,1.25,BOW,Bow Energy Ltd,1.255,-0.5,5831,1.25,1.27,-,,-,-,-,4.42,28.4
0.19,0.065,0.076,0.076,BWN,Bowen Energy Ltd,0.076,0.4,40,0.076,0.09,-,,-,-,-,-15.1,-
0.136,0.046,-,-,BRW,Breakaway Res,0.049,,-,0.05,0.053,-,,-,-,-,-0.5,-
4.05,1.00,3.13,2.95,BRM,Brockman Res,3.13,10,7914,3.12,3.14,-,,-,-,-,-14.9,-
0.235,0.054,0.155,0.15,BMY,Brumby Res,0.155,-0.5,2464,0.155,0.16,-,,-,-,-,-3.2,-
0.145,0.066,0.07,0.07,BMYOA,  opt sep11,0.07,-1.9,28,0.07,0.099,-,,-,-,-,-,-
0.17,0.03,0.092,0.069,BCC,Buccaneer Energy,0.08,1,661963,0.079,0.08,-,,-,-,-,-6.33,-
0.105,0.007,0.056,0.045,BCCO,  opt nov12,0.05,0.5,34361,0.05,0.054,-,,-,-,-,-,-
0.075,0.024,0.057,0.057,BYR,Burey Gold Ltd,0.057,0.1,176,0.057,0.061,-,,-,-,-,-0.57,-
0.125,0.04,0.12,0.115,BUR,Burleson Energy,0.12,0.5,21457,0.115,0.12,-,,-,-,-,-1.75,-
0.029,0.003,-,-,BURO,  opt aug10,0.025,,-,0.015,0.02,-,,-,-,-,-,-
0.35,0.155,0.325,0.315,BRU,Buru Energy,0.325,1.5,547,0.32,0.33,-,,-,-,-,11.57,2.8
0.023,0.003,-,-,BRUO,  opt oct10,0.009,,-,0.009,0.011,-,,-,-,-,-,-
0.11,0.04,-,-,BUX,Buxton Res Ltd,0.09,,-,0.09,0.10,-,,-,-,-,-0.75,-
1.35,0.61,0.72,0.72,CCD,Caledon Res cdi,0.72,2,359,0.73,0.78,-,,-,0.41,-,-5.4,-
0.031,0.01,0.011,0.011,CUU,Callabonna Uranium,0.011,-0.1,16000,0.011,0.012,-,,-,0.01,-,-0.9,-
0.55,0.38,0.49,0.47,CBX,Cape Alumina Ltd,0.47,-1.5,50,0.47,0.49,-,,-,-,-,-0.54,-
0.635,0.285,0.435,0.42,CFE,Cape Lambert Res,0.42,-1.5,23631,0.42,0.425,-,,-,-,-,10.88,3.9
0.10,0.033,-,-,CMY,Capital Min,0.039,,-,0.041,0.043,-,,-,-,-,-0.62,-
0.028,0.001,-,-,CMYO,  opt oct10,0.001,,-,0.003,0.005,-,,-,-,-,-,-
0.035,0.014,-,-,CMYOA,  opt jul11,0.02,,-,0.013,0.03,-,,-,-,-,-,-
0.385,0.025,0.36,0.35,CRB,Carbine Res,0.355,-0.5,3477,0.335,0.355,-,,-,-,-,0.04,887.5
0.22,0.075,-,-,CRBO,  opt jul11,0.215,,-,0.17,0.22,-,,-,-,-,-,-
0.885,0.345,0.43,0.415,CNX,Carbon Energy,0.43,0.5,5140,0.425,0.43,-,,-,-,-,-1.87,-
3.60,2.95,-,-,CRM,Carbon Min Ltd,3.40,,-,-,3.40,-,,-,-,-,-0.9,-
0.885,0.36,0.37,0.365,CVN,Carnarvon Pet,0.37,,12679,0.365,0.37,-,,-,0.05,-,3.3,11.2
0.42,0.109,0.31,0.30,CAV,Carnavale Res,0.31,4,1000,0.28,0.305,-,,-,-,-,-2.2,-
0.19,0.05,-,-,CAVO,  opt feb13,0.155,,-,0.09,0.175,-,,-,-,-,-,-
0.185,0.022,0.059,0.05,CPN,Carpathian Res,0.059,-0.4,250,0.04,0.059,-,,-,-,-,-0.52,-
0.685,0.046,0.395,0.355,CAP,Carpentaria Exp,0.375,1,11600,0.365,0.375,-,,-,-,-,-2.9,-
0.32,0.001,0.105,0.09,CAPO,  opt jun10,0.09,-1,5007,0.085,0.09,-,,-,-,-,-,-
1.25,0.495,0.745,0.70,CRK,Carrick Gold Ltd,0.725,2.5,1529,0.70,0.74,-,,-,-,-,-0.48,-
0.024,0.008,0.01,0.009,CIG,Caspian Oil & Gas,0.01,,2820,0.01,0.011,-,,-,-,-,-0.1,-
0.53,0.095,0.47,0.45,CDT,Castle Min,0.45,-1,1827,0.445,0.45,-,,-,-,-,-2.5,-
0.064,0.033,0.048,0.046,CGT,Castlemaine,0.047,-0.1,5080,0.045,0.047,-,,-,-,-,-0.33,-
1.957,0.772,1.62,1.595,CAH,Catalpa Res,1.62,3.5,6804,1.595,1.62,-,,-,-,-,-3.7,-
0.75,0.025,0.51,0.51,CAHO,  opt jun10,0.51,1,100,0.51,0.55,-,,-,-,-,-,-
0.77,0.028,-,-,CAHOB,  opt oct11,0.62,,-,0.58,0.69,-,,-,-,-,-,-
0.13,0.07,-,-,CYL,Catalyst Metals,0.089,,-,0.092,-,-,,-,-,-,-0.9,-
0.57,0.26,0.30,0.285,CXU,Cauldron Energy,0.30,,921,0.30,0.31,-,,-,-,-,-8.74,-
0.66,0.16,0.63,0.585,CAZ,Cazaly Res,0.595,,23452,0.595,0.615,-,,-,-,-,-1.39,-
0.43,0.058,-,-,CAZO,  opt feb11,0.37,,-,0.33,0.40,-,,-,-,-,-,-
0.235,0.09,0.235,0.23,CBH,CBH Res Ltd,0.23,,14449,0.23,0.235,-,,-,0.09,-,1.42,16.2
0.096,0.045,0.076,0.073,CTM,Centaurus Metals,0.073,-0.2,3695,0.073,0.075,-,,-,-,-,-1.4,-
5.00,1.93,4.45,4.40,CEY,Centennial Coal,4.40,-10,14445,4.40,4.41,8,p,1.98,1.87,1.82,15.8,27.8
0.086,0.033,0.04,0.039,CVR,Central Asia Res,0.04,,1000,0.037,0.04,-,,-,-,-,-4.12,-
0.001,0.001,-,-,CVRR,  rts 19may,0.001,,-,0.001,0.003,-,,-,-,-,-,-
0.223,0.062,0.068,0.065,CTP,Central Pet,0.066,-0.1,58707,0.066,0.068,-,,-,-,-,-1.6,-
0.12,0.027,0.034,0.032,CTPO,  opt mar14,0.034,0.2,17154,0.033,0.034,-,,-,-,-,-,-
0.059,0.002,-,-,CTPOA,  opt jun10,0.003,,-,0.003,0.004,-,,-,-,-,-,-
0.062,0.03,-,-,CWG,Central West Gold,0.045,,-,0.031,0.045,-,,-,-,-,-0.47,-
0.80,0.25,0.42,0.405,CXM,Centrex Metals,0.42,0.5,650,0.405,0.44,-,,-,-,-,-1.34,-
2.61,1.36,2.55,2.54,CGX,CGA Min Ltd,2.55,-2,1300,2.39,2.61,-,,-,-,-,1.86,137.1
0.68,0.205,0.53,0.50,CHN,Chalice Gold Mines,0.50,,2497,0.50,0.525,-,,-,-,-,-3.81,-
0.036,0.01,0.024,0.023,CHM,Chameleon Min NL,0.024,0.1,1937,0.023,0.024,-,,-,-,-,0.13,18.5
0.46,0.086,0.46,0.40,CHZ,Chesser Res,0.45,4,11877,0.44,0.45,-,,-,-,-,-1.71,-
0.35,0.131,0.195,0.195,CYU,China Yunnan Copper,0.195,2.5,100,0.17,0.195,-,,-,-,-,-1.89,-
0.55,0.09,-,-,CYS,Chrysalis Res,0.165,,-,0.165,0.19,-,,-,-,-,-2.31,-
0.31,0.02,0.095,0.095,CYSO,  opt jun13,0.095,-0.4,400,0.095,0.099,-,,-,-,-,-,-
0.465,0.16,0.36,0.33,CGG,Citadel Resource Grp,0.335,-2.5,21394,0.335,0.34,-,,-,-,-,-0.75,-
0.215,0.08,0.135,0.13,CTO,Citigold Corp Ltd,0.13,-0.5,26240,0.125,0.13,-,,-,-,-,-0.26,-
0.195,0.115,0.155,0.155,CLY,Clancy Explore,0.155,0.5,357,0.155,0.165,-,,-,-,-,-5.4,-
0.25,0.039,0.10,0.10,CGV,Clean Global Energy,0.10,,100,0.091,0.10,-,,-,-,-,-1.12,-
0.099,0.021,-,-,CLU,Cloncurry Metals,0.048,,-,0.055,0.06,-,,-,0.06,-,-4.7,-
0.008,0.003,0.004,0.004,CFR,Cluff Res,0.004,,17900,0.004,0.005,-,,-,-,-,-0.21,-
0.002,0.001,-,-,CFRO,  opt jul10,0.001,,-,-,0.001,-,,-,-,-,-,-
0.002,0.001,-,-,CFROB,  opt jul11,0.001,,-,0.001,0.002,-,,-,-,-,-,-
108.50,74.06,92.00,90.40,CNA,Coal & Allied Ind  ,91.87,112,135,91.50,93.00,510,f,1.33,16.99,5.55,676.2,13.6
0.12,0.02,-,-,CES,Coal FE Res,0.033,,-,0.028,0.063,-,,-,-,-,-1.08,-
2.60,1.385,2.18,2.14,CZA,Coal of Africa,2.15,-3,2989,2.11,2.23,-,,-,-,-,-11.36,-
0.97,0.063,0.87,0.835,CPL,Coalspur Mines,0.845,-1,10854,0.84,0.86,-,,-,-,-,-2.31,-
0.76,0.028,-,-,CPLO,  opt jun11,0.74,,-,0.75,0.80,-,,-,-,-,-,-
0.565,0.18,0.40,0.40,CWK,Coalworks Ltd,0.40,-1,475,0.395,0.40,-,,-,0.13,-,-1.8,-
0.425,0.05,0.215,0.205,CCU,Cobar Cons,0.205,-1,1060,0.205,0.21,-,,-,-,-,-1.64,-
0.605,0.31,0.52,0.46,COK,Cockatoo Coal,0.49,-1,52466,0.49,0.50,-,,-,0.21,-,-13.94,-
26.54,13.15,20.59,20.20,CXC,Coeur d'Alene Mines,20.59,13,183,20.25,20.59,-,,-,27.67,-,-49.7,-
0.065,0.038,-,-,CRL,Comet Res,0.052,,-,0.045,0.052,-,,-,-,-,-1.74,-
0.50,0.22,0.255,0.245,COI,Comet Ridge Ltd,0.255,0.5,955,0.25,0.27,-,,-,-,-,-13.41,-
0.23,0.052,0.155,0.14,CNK,Condor Nickel,0.155,4,622,0.15,0.16,-,,-,-,-,-0.16,-
0.795,0.20,0.405,0.385,CQT,Conquest Min,0.40,0.5,9236,0.39,0.405,-,,-,-,-,-0.14,-
0.15,0.035,-,-,CSD,Consolidated Tin Min,0.06,,-,0.05,0.06,-,,-,-,-,-1.1,-
0.025,0.007,-,-,CSDO,  opt dec13,0.011,,-,0.015,0.018,-,,-,-,-,-,-
0.09,0.043,0.048,0.046,CCC,Contl Coal Ltd,0.046,-0.2,34997,0.046,0.047,-,,-,0.04,-,-2.34,-
0.046,0.015,0.024,0.022,CCCO,  opt feb13,0.023,-0.1,13537,0.023,0.024,-,,-,-,-,-,-
0.20,0.07,0.09,0.09,CVG,Convergent Min,0.09,,855,0.08,0.09,-,,-,-,-,-1.29,-
0.065,0.025,-,-,CVGO,  opt dec11,0.025,,-,0.019,0.025,-,,-,-,-,-,-
0.58,0.36,0.525,0.49,COE,Cooper Energy Ltd,0.505,-0.5,5431,0.505,0.52,-,,-,0.45,-,7.1,7.1
0.053,0.011,-,-,CRJ,Copper Range Ltd,0.021,,-,0.021,0.023,-,,-,-,-,-0.89,-
0.009,0.001,-,-,CRJOA,  opt sep10,0.001,,-,0.001,0.003,-,,-,-,-,-,-
0.18,0.085,0.095,0.094,CSE,Copper Strike Ltd,0.095,,1304,0.095,0.096,-,,-,-,-,-1.42,-
0.19,0.047,-,-,COY,Coppermoly Ltd,0.105,,-,0.105,0.12,-,,-,-,-,-2.89,-
0.039,0.002,-,-,COYO,  opt apr11,0.02,,-,-,-,-,,-,-,-,-,-
0.115,0.035,-,-,COYOA,  opt dec11,0.07,,-,0.05,0.078,-,,-,-,-,-,-
0.28,0.12,0.225,0.215,CRC,Cortona Res,0.22,,3832,0.22,0.225,-,,-,-,-,-1.28,-
0.17,0.025,0.125,0.125,CRCO,  opt jan12,0.125,1,596,0.125,0.13,-,,-,-,-,-,-
0.13,0.065,0.08,0.075,CVX,Corvette Res Ltd,0.08,0.5,6350,0.075,0.08,-,,-,-,-,-6.48,-
0.099,0.014,0.024,0.024,CGM,Cougar Metals NL,0.024,,9000,0.024,0.025,-,,-,-,-,-1.88,-
0.40,0.012,0.265,0.245,CVY,Coventry Res,0.245,-2,9276,0.245,0.26,-,,-,-,-,-1.28,-
0.29,0.11,0.14,0.14,CRE,Crescent Gold,0.14,,368,0.14,0.15,-,,-,-,-,-6.24,-
0.235,0.062,0.105,0.105,CUX,Crossland Uranium,0.105,,599,0.10,0.105,-,,-,-,-,-0.82,-
0.40,0.12,0.29,0.29,CAS,Crusader Res,0.29,1,50,0.28,0.30,-,,-,-,-,-2.51,-
6.59,2.39,4.32,4.12,CDU,Cudeco Ltd,4.22,-7,7233,4.20,4.32,-,,-,-,-,0.42,1004.8
0.325,0.139,0.295,0.285,CUE,CUE Energy Resource,0.295,1,6502,0.29,0.295,-,,-,0.09,-,0.6,49.2
0.086,0.037,-,-,CUL,Cullen Res,0.043,,-,0.043,0.048,-,,-,-,-,-0.94,-
0.60,0.18,-,-,CUY,Curnamona Energy,0.20,,-,0.19,0.25,-,,-,-,-,-0.83,-
0.09,0.03,0.047,0.042,DGR,D'aguilar Gold,0.047,0.2,2983,0.042,0.047,-,,-,-,-,2.11,2.2
0.21,0.051,0.135,0.13,DTM,Dart Min NL,0.13,,4058,0.13,0.14,-,,-,-,-,-1.8,-
0.023,0.001,0.005,0.005,DTMO,  opt may10,0.005,,331,0.005,0.01,-,,-,-,-,-,-
0.067,0.027,0.03,0.028,DEG,De Grey Min,0.028,0.1,455,0.028,0.032,-,,-,-,-,-0.36,-
0.47,0.175,0.195,0.185,DYL,Deep Yellow Ltd,0.185,-1,5690,0.185,0.195,-,,-,-,-,-0.28,-
0.25,0.09,0.165,0.15,DSN,Desert Energy,0.15,,3050,0.12,0.17,-,,-,-,-,-4.73,-
0.18,0.07,0.074,0.074,DRX,Diatreme Res,0.074,,690,0.074,0.078,-,,-,-,-,-1.6,-
0.94,0.24,0.85,0.825,DML,Discovery Metals,0.83,0.5,7694,0.825,0.84,-,,-,-,-,-2.19,-
0.545,0.14,0.53,0.52,DMM,DMC Min Ltd,0.53,1,5825,0.525,0.535,-,,-,-,-,-14.1,-
5.10,2.54,3.10,2.97,DOM,Dominion Min,2.97,-13,3230,2.96,3.03,10,,2.01,1.03,3.37,20.08,14.8
1.10,0.15,0.725,0.70,DRM,Doray Min Ltd,0.715,1,1000,0.715,0.725,-,,-,-,-,-,-
0.28,0.175,0.24,0.215,DUO,Dourado Res Ltd,0.24,1.5,900,0.24,0.245,-,,-,-,-,-0.27,-
0.09,0.041,-,-,DUOO,  opt nov14,0.041,,-,0.041,0.049,-,,-,-,-,-,-
0.12,0.053,0.084,0.083,DRA,Dragon Min Ltd,0.083,-0.2,6733,0.084,0.086,-,,-,0.06,-,-1.08,-
0.285,0.115,-,-,DMG,Dragon Mountain Gold,0.20,,-,0.20,0.225,-,,-,-,-,-3.47,-
0.37,0.07,0.165,0.165,DRK,Drake Res,0.165,1,267,0.155,0.165,-,,-,-,-,3.02,5.5
0.11,0.027,0.066,0.058,DLS,Drillsearch Energy,0.066,0.8,44908,0.066,0.067,-,,-,0.04,-,-0.73,-
0.107,0.034,0.052,0.045,DGO,Drummond Gold Ltd,0.052,0.5,1100,0.038,0.052,-,,-,-,-,-2.53,-
0.12,0.029,0.10,0.099,DVM,DVM Intl  Ltd,0.10,1.5,700,0.086,0.10,-,,-,-,-,-2.4,-
-,-,-,-,DVMO,  opt jun10,-,,-,-,-,-,,-,-,-,-,-
0.40,0.10,0.195,0.19,DMA,Dynasty Metals,0.19,1,503,0.18,0.19,-,,-,-,-,-6.92,-
0.085,0.032,-,-,EYE,Eagle Eye Metals,0.043,,-,0.033,0.043,-,,-,-,-,-1,-
0.009,0.001,-,-,EYEO,  opt jun10,0.001,,-,-,0.001,-,,-,-,-,-,-
0.08,0.026,0.04,0.04,ENL,Eagle Nickel Ltd,0.04,0.4,70,0.04,0.059,-,,-,-,-,-0.91,-
0.08,0.004,-,-,ENLO,  opt jul12,0.008,,-,-,0.008,-,,-,-,-,-,-
0.145,0.035,-,-,ECM,East Coast Min,0.035,,-,0.035,0.039,-,,-,-,-,-3.37,-
0.375,0.076,0.225,0.215,EER,East Energy Resource,0.215,-1,594,0.22,0.225,-,,-,-,-,-0.83,-
0.90,0.235,0.29,0.28,ECU,Eastern Corp,0.29,1,134,0.29,0.30,-,,-,-,-,-4.1,-
0.19,0.066,-,-,EFE,Eastern Iron,0.15,,-,0.125,0.145,-,,-,-,-,-0.72,-
0.062,0.01,-,-,EFEO,  opt dec10,0.05,,-,0.05,0.07,-,,-,-,-,-,-
1.165,0.645,0.835,0.775,ESG,Eastern Star Gas,0.805,0.5,73266,0.805,0.81,-,,-,-,-,-0.8,-
0.09,0.027,0.045,0.04,EAR,Echo Res,0.04,-0.1,250,0.04,0.045,-,,-,-,-,-1.75,-
0.20,0.04,0.076,0.072,EDE,Eden Energy Ltd,0.076,,1421,0.072,0.077,-,,-,-,-,-0.18,-
20.05,12.86,19.65,19.50,EAU,Eldorado Gold cdi,19.62,-42,814,19.50,19.62,-,,-,-,-,-,-
0.033,0.007,0.023,0.021,EDM,Eldore Min,0.021,,43630,0.021,0.022,-,,-,-,-,-0.43,-
0.01,0.006,0.008,0.006,EDMOA,  opt dec12,0.008,0.2,31000,0.006,0.008,-,,-,-,-,-,-
0.21,0.03,0.125,0.115,EKM,Eleckra Mines,0.12,,15024,0.12,0.125,-,,-,-,-,-1.58,-
0.12,0.01,0.07,0.07,EKMO,  opt jun11,0.07,0.3,1250,0.067,0.074,-,,-,-,-,-,-
0.57,0.14,0.38,0.37,ELM,Elemental Min,0.38,3,650,0.37,0.38,-,,-,-,-,-13.95,-
0.295,0.11,0.22,0.21,ELMO,  opt jan12,0.22,2,200,0.18,0.26,-,,-,-,-,-,-
0.28,0.15,0.195,0.175,ELT,Elementos Ltd,0.195,,578,0.18,0.195,-,,-,-,-,-2.12,-
0.07,0.037,0.054,0.05,EXR,Elixir Pet Ltd,0.05,-0.4,4000,0.05,0.052,-,,-,-,-,-5.9,-
0.465,0.095,-,-,ELK,ELK Pet,0.15,,-,0.14,0.15,-,,-,-,-,-5.92,-
0.064,0.028,0.033,0.033,EMR,Emerald Oil & Gas,0.033,0.3,300,0.031,0.033,-,,-,-,-,-2.23,-
1.06,0.24,0.50,0.47,EMG,Emergent Res,0.50,1,821,0.48,0.50,-,,-,-,-,-3.54,-
0.745,0.08,0.31,0.29,EMGO,  opt sep10,0.31,2,300,0.24,0.31,-,,-,-,-,-,-
0.435,0.145,0.245,0.22,ERM,Emmerson Res,0.235,0.5,3152,0.235,0.25,-,,-,-,-,-1.15,-
0.018,0.007,0.011,0.01,EGO,Empire Oil & Gas,0.01,,71480,0.01,0.011,-,,-,-,-,-0.02,-
0.135,0.047,0.06,0.06,ERL,Empire Res,0.06,1,470,0.055,0.06,-,,-,-,-,-1.95,-
0.315,0.08,0.12,0.12,EMU,EMU Nickel NL,0.12,-0.5,353,0.12,0.13,-,,-,-,-,-2.06,-
0.48,0.14,-,-,ENR,Encounter Res,0.39,,-,0.33,0.395,-,,-,-,-,-2.77,-
0.80,0.44,0.52,0.485,EOC,Endocoal Ltd,0.52,4,3373,0.51,0.52,-,,-,-,-,-,-
0.23,0.10,0.11,0.11,EMX,Energia Min Ltd,0.11,0.5,350,0.11,0.115,-,,-,-,-,-3.26,-
0.41,0.17,0.18,0.18,EMA,Energy And Min,0.18,-0.5,530,0.175,0.18,-,,-,-,-,-1.8,-
0.089,0.03,-,-,EMAO,  opt jul11,0.03,,-,0.035,0.037,-,,-,-,-,-,-
1.17,0.48,-,-,EME,Energy Metals Ltd,0.54,,-,0.545,0.59,-,,-,-,-,-1.78,-
28.28,13.39,15.00,14.56,ERA,Energy Res,14.75,-25,12517,14.57,14.81,39,f,3.66,5.10,2.64,142.9,10.3
0.72,0.25,0.465,0.44,EWC,Energy World Corp,0.465,1.5,13947,0.46,0.465,-,,-,0.30,-,3.02,15.4
0.305,0.08,0.18,0.18,ETE,Entek Energy Ltd,0.18,,3310,0.175,0.185,-,,-,-,-,-1.44,-
0.65,0.123,0.20,0.20,ENT,Enterprise Metals,0.20,,524,0.20,0.21,-,,-,-,-,-0.95,-
0.37,0.05,0.051,0.05,ENTO,  opt jun12,0.05,-1.1,2353,0.05,0.105,-,,-,-,-,-,-
0.11,0.035,0.06,0.057,EVG,Envirogold Ltd,0.06,0.3,4067,0.059,0.062,-,,-,-,-,0.4,15.0
0.025,0.006,0.007,0.006,EVGO,  opt dec11,0.007,,2081,0.007,0.01,-,,-,-,-,-,-
-,-,-,-,EVGOB,  opt dec10,-,,-,-,-,-,,-,-,-,-,-
0.14,0.037,0.058,0.058,EPS,Epsilon Energy,0.058,0.3,42,0.058,0.06,-,,-,-,-,-1.03,-
0.42,0.40,0.42,0.42,EQXDA,Equatorial Coal def,0.42,2,500,0.40,0.45,-,,-,-,-,-1.24,-
4.78,2.18,4.17,4.09,EQN,Equinox Min Ltd cdi,4.15,2,8461,4.12,4.17,-,,-,-,-,-30.1,-
0.125,0.027,0.03,0.027,ERO,ERO Min Ltd,0.03,0.3,890,0.03,0.031,-,,-,-,-,-6.4,-
0.225,0.065,0.075,0.065,ERH,Eromanga Hydro,0.07,0.2,16860,0.07,0.072,-,,-,-,-,-4.71,-
0.10,0.04,-,-,ERHOA,  opt jul12,0.04,,-,0.017,0.05,-,,-,-,-,-,-
0.135,0.048,-,-,ERN,Erongo Energy,0.10,,-,0.081,0.10,-,,-,-,-,-1.34,-
0.10,0.047,-,-,ESM,Esperance Min,0.051,,-,0.033,0.048,-,,-,-,-,-3.94,-
135.64,110.60,135.36,134.39,GOLD,ETFS Metals etfs gold,135.30,103,456,135.00,135.30,-,,-,-,-,63.17,214.2
0.54,0.12,0.37,0.35,ETH,Ethan Min Ltd,0.36,-2,5360,0.365,0.385,-,,-,-,-,-4.67,-
0.165,0.029,0.16,0.15,EKA,Eureka Energy Ltd,0.16,1,12108,0.15,0.16,-,,-,-,-,0.3,53.3
0.35,0.096,-,-,EUG,Eurogold Ltd,0.20,,-,0.20,0.23,-,,-,-,-,9.96,2.0
0.275,0.085,0.105,0.105,EPG,European Gas,0.105,,6018,0.10,0.11,-,,-,-,-,-4.31,-
0.185,0.038,0.105,0.105,EDS,Every Day Mine Serv,0.105,0.5,1540,0.10,0.105,-,,-,0.11,-,-2.17,-
0.024,0.006,0.008,0.007,EXM,Excalibur Min,0.008,,29039,0.007,0.008,-,,-,-,-,-0.39,-
0.01,0.002,0.003,0.003,EXMOA,  opt dec12,0.003,,10000,0.003,0.004,-,,-,-,-,-,-
0.36,0.175,0.25,0.245,EXS,Exco Res Ltd,0.25,,3965,0.245,0.25,-,,-,-,-,-1.37,-
0.325,0.085,0.25,0.24,EXE,Exoma Energy Ltd,0.25,1.5,1740,0.245,0.25,-,,-,-,-,-5.62,-
0.125,0.025,0.08,0.08,EXEO,  opt mar11,0.08,0.3,90,0.067,0.079,-,,-,-,-,-,-
0.21,0.075,-,-,EXEOA,  opt sep12,0.14,,-,0.125,0.16,-,,-,-,-,-,-
11.45,4.272,7.57,7.44,EXT,Extract Res,7.51,-4,2989,7.41,7.60,-,,-,-,-,-4.96,-
0.16,0.034,0.12,0.11,FAS,Fairstar Res,0.115,-0.5,21287,0.115,0.12,-,,-,-,-,-12.4,-
0.055,0.012,0.043,0.039,FASOA,  opt aug11,0.039,,1401,0.04,0.044,-,,-,-,-,-,-
0.35,0.085,0.255,0.24,FCN,Falcon Min Ltd,0.25,1,4502,0.24,0.25,-,,-,-,-,-0.31,-
0.044,0.005,0.024,0.023,FRV,Fall River Res cdi,0.024,,3535,0.02,0.024,-,,-,-,-,-2.1,-
0.19,0.057,0.105,0.105,FEL,FE Ltd,0.105,-2,800,0.105,0.11,-,,-,-,-,-2.47,-
1.17,0.22,0.845,0.83,FRS,FerrAus Ltd,0.84,,1140,0.825,0.855,-,,-,-,-,-3.84,-
0.27,0.063,0.125,0.125,FWL,Ferrowest Ltd,0.125,,30,0.115,0.125,-,,-,-,-,-1.49,-
0.08,0.003,0.021,0.021,FWLO,  opt jun10,0.021,,75,0.021,0.025,-,,-,-,-,-,-
0.235,0.035,0.19,0.19,FCR,Ferrum Crescent,0.19,-1,300,0.19,0.20,-,,-,-,-,-4.82,-
0.04,0.009,-,-,FCRO,  opt dec13,0.018,,-,0.018,0.025,-,,-,-,-,-,-
0.44,0.29,-,-,FND,Finders Res,0.29,,-,0.29,0.35,-,,-,-,-,-5.73,-
0.059,0.019,0.026,0.025,FSE,Firestone Energy,0.025,-0.1,29851,0.024,0.025,-,,-,-,-,-0.17,-
0.155,0.037,0.08,0.075,FAR,First Aust Res,0.079,0.4,39253,0.077,0.08,-,,-,-,-,0.34,23.2
0.25,0.072,0.13,0.115,FIS,Fission Energy,0.13,2,3380,0.12,0.135,-,,-,-,-,-0.56,-
0.081,0.01,-,-,FISO,  opt feb11,0.012,,-,0.016,0.02,-,,-,-,-,-,-
0.197,0.052,0.105,0.10,FMS,Flinders Mines,0.10,,52400,0.10,0.105,-,,-,-,-,-0.4,-
0.081,0.022,0.054,0.052,FML,Focus Min Ltd,0.052,-0.2,403561,0.052,0.053,-,,-,-,-,1.22,4.3
0.22,0.105,0.125,0.11,FTE,Forte Energy NL,0.125,0.5,13772,0.115,0.125,-,,-,-,-,-0.57,-
5.57,2.50,4.37,4.26,FMG,Fortescue Metals Grp,4.31,-4,54244,4.31,4.33,-,,-,-,-,-16.13,-
0.327,0.099,0.13,0.12,FXR,Fox Res,0.125,-0.5,3450,0.12,0.125,-,,-,-,-,-6.96,-
0.098,0.011,-,-,FXRO,  opt nov10,0.02,,-,0.02,0.024,-,,-,-,-,-,-
0.105,0.017,0.078,0.072,FNT,Frontier Res,0.074,0.4,14440,0.074,0.076,-,,-,-,-,-0.85,-
0.055,0.009,0.033,0.027,FNTO,  opt dec10,0.033,0.8,554,0.031,0.033,-,,-,-,-,-,-
0.18,0.002,0.12,0.12,FYI,FYI Res Ltd,0.12,,267,0.12,0.13,-,,-,-,-,-0.36,-
2.40,0.455,1.185,1.155,GXY,Galaxy Res,1.165,-2.5,5617,1.16,1.175,-,,-,-,-,-4.62,-
0.085,0.021,0.035,0.028,GGX,Gas2Grid Ltd,0.035,,3868,0.028,0.036,-,,-,-,-,-0.51,-
-,-,-,-,GGXO,  opt nov10,-,,-,-,-,-,,-,-,-,-,-
0.19,0.093,0.10,0.096,GCY,Gascoyne Res Ltd,0.096,-0.4,279,0.096,0.10,-,,-,-,-,-0.2,-
0.10,0.038,-,-,GML,Gateway Min,0.045,,-,0.036,0.045,-,,-,-,-,-0.81,-
0.051,0.02,0.03,0.03,GBX,GB Energy Ltd,0.03,,483,0.025,0.03,-,,-,-,-,-3.62,-
0.026,0.001,-,-,GBXO,  opt sep11,0.002,,-,0.001,0.003,-,,-,-,-,-,-
0.315,0.027,0.095,0.09,GBZ,GBM Rsources Ltd,0.09,,1300,0.089,0.097,-,,-,-,-,-1.84,-
0.11,0.003,0.013,0.012,GBZO,  opt jun10,0.012,0.7,5000,0.008,0.012,-,,-,-,-,-,-
0.215,0.105,-,-,GMM,General Min Corp,0.12,,-,0.12,0.135,-,,-,-,-,-7,-
0.17,0.07,-,-,GMD,Genesis Min,0.13,,-,0.135,0.20,-,,-,-,-,-3,-
0.19,0.14,-,-,GES,Genesis Res,0.145,,-,0.135,0.195,-,,-,-,-,0.61,23.8
0.925,0.125,-,-,GPR,Geopacific Res,0.65,,-,0.65,0.70,-,,-,-,-,-0.63,-
0.46,0.16,0.17,0.17,GHT,Geothermal Res,0.17,1,58,0.17,0.175,-,,-,-,-,-0.98,-
1.45,0.665,1.12,1.03,GBG,Gindalbie Metals,1.06,-10,106152,1.06,1.065,-,,-,-,-,-0.95,-
0.091,0.026,0.036,0.032,GIP,Gippsland Ltd,0.036,0.6,900,0.032,0.037,-,,-,-,-,-0.66,-
2.64,0.567,2.50,2.30,GIR,Giralia Res NL,2.50,15,14410,2.48,2.52,-,,-,-,-,0.1,2500.0
0.525,0.035,-,-,GLA,Gladiator Res,0.34,,-,0.34,0.37,-,,-,-,-,-0.52,-
0.16,0.018,-,-,GLN,Gleneagle Gold,0.021,,-,0.021,0.022,-,,-,-,-,-2,-
0.155,0.015,0.075,0.075,GSC,Global Geoscience,0.075,0.5,156,0.07,0.089,-,,-,-,-,-1.55,-
0.039,0.005,-,-,GSCO,  opt aug12,0.016,,-,0.01,0.03,-,,-,-,-,-,-
0.077,0.039,-,-,GGH,Global Gold Hld,0.05,,-,0.015,0.049,0.1,,-,0.04,2.00,-0.32,-
0.545,0.135,0.51,0.46,GFE,Global Iron Ltd,0.51,6,3031,0.51,0.54,-,,-,-,-,-3.7,-
0.115,0.023,0.064,0.056,GNI,Global Nickel Invest,0.064,-0.1,13560,0.063,0.064,-,,-,-,-,-3.38,-
0.05,0.005,0.009,0.009,GNIOA,  opt jun12,0.009,0.3,5000,0.008,0.009,-,,-,-,-,-,-
0.265,0.105,-,-,GBP,Global Pet,0.14,,-,0.14,0.145,-,,-,-,-,-5.26,-
0.38,0.115,0.18,0.175,GBE,Globe Metals & Mining,0.18,,1275,0.175,0.18,-,,-,-,-,-5.49,-
12.40,4.52,12.17,11.94,GCL,Gloucester Coal,12.10,33,416,11.85,12.15,13.5,,5.06,2.21,1.12,68.3,17.7
0.124,0.053,0.068,0.068,GME,GME Res Ltd,0.068,-0.1,144,0.068,0.07,-,,-,-,-,-0.15,-
0.077,0.009,0.025,0.024,GOA,Gold Anomaly Ltd,0.025,0.2,8550,0.023,0.024,-,,-,-,-,-,-
0.035,0.001,-,-,GOAOA,  opt jun12,0.012,,-,0.005,-,-,,-,-,-,-,-
0.98,0.23,0.32,0.28,GDO,Gold One Int Ltd,0.315,3.5,37371,0.31,0.315,-,,-,-,-,-4.04,-
0.155,0.06,0.09,0.071,GDOO,  opt oct12,0.071,0.9,158,0.073,0.10,-,,-,-,-,-,-
0.037,0.015,0.017,0.017,GCR,Golden Cross,0.017,,250,0.017,0.018,-,,-,-,-,-0.46,-
0.005,0.003,-,-,GCRO,  opt mar11,0.003,,-,0.003,0.004,-,,-,-,-,-,-
0.07,0.04,-,-,GED,Golden Deeps,0.06,,-,0.052,0.06,-,,-,-,-,-0.98,-
0.08,0.027,0.032,0.03,GGP,Golden Gate Pet,0.031,0.1,99230,0.031,0.032,-,,-,-,-,-4.6,-
0.029,0.011,0.014,0.013,GGPO,  opt aug12,0.013,,4660,0.013,0.014,-,,-,-,-,-,-
0.255,0.032,-,-,GMR,Golden Rim Res,0.096,,-,0.097,0.10,-,,-,-,-,-1.22,-
0.18,0.037,0.056,0.054,GDN,Golden State Res,0.055,,19430,0.055,0.056,-,,-,-,-,-1.27,-
0.015,0.004,0.008,0.007,GDNOA,  opt nov10,0.008,,9750,0.007,0.008,-,,-,-,-,-,-
0.065,0.011,-,-,GTX,Golden Tiger Min,0.035,,-,0.02,0.06,-,,-,-,-,1.33,2.6
1.06,0.31,0.84,0.785,GWR,Golden West Res,0.79,-4,2139,0.79,0.83,-,,-,-,-,-8.61,-
0.08,0.014,-,-,GWROA,  opt dec10,0.03,,-,0.03,0.045,-,,-,-,-,-,-
0.915,0.22,0.245,0.24,GMX,Goldminex Res,0.24,1,750,0.245,0.255,-,,-,-,-,-3.62,-
0.081,0.016,0.028,0.028,GSE,Goldsearch Ltd,0.028,-0.2,2500,0.028,0.029,-,,-,-,-,0.24,11.7
0.091,0.008,0.015,0.015,GDA,Gondwana Res,0.015,,2000,0.015,0.016,-,,-,-,-,-0.7,-
0.075,0.004,-,-,GDAO,  opt jun11,0.006,,-,0.005,-,-,,-,-,-,-,-
0.021,0.001,-,-,GDAOC,  opt jun10,0.002,,-,-,0.001,-,,-,-,-,-,-
0.016,0.003,0.014,0.014,GGE,Grand Gulf Energy,0.014,,149376,0.014,0.015,-,,-,-,-,-1.73,-
0.785,0.235,0.60,0.57,GRR,Grange Res,0.585,1,13420,0.585,0.59,-,,-,-,-,30.05,1.9
0.22,0.016,0.13,0.13,GTE,Great Western Exp,0.13,-1,150,0.13,0.155,-,,-,-,-,-1.47,-
0.055,0.003,-,-,GTEO,  opt jun12,0.041,,-,0.025,0.042,-,,-,-,-,-,-
0.043,0.023,0.028,0.028,GBM,Greater Bendigo Gold,0.028,,1400,0.025,0.028,-,,-,-,-,-3.21,-
0.013,0.009,-,-,GBMOA,  opt mar12,0.011,,-,0.01,0.011,-,,-,-,-,-,-
0.09,0.02,0.024,0.022,GRK,Green Rock Energy,0.022,-0.2,992,0.021,0.022,-,,-,-,-,-1.66,-
0.265,0.10,-,-,GER,Greenearth Energy,0.11,,-,0.10,0.11,-,,-,-,-,-3.48,-
0.935,0.24,0.455,0.425,GGG,Greenland Min En,0.445,0.5,1544,0.425,0.445,-,,-,-,-,-2.03,-
0.665,0.10,0.24,0.23,GGGO,  opt jun11,0.24,1,326,0.24,0.25,-,,-,-,-,-,-
0.13,0.045,0.051,0.051,GPP,Greenpower Enrgy,0.051,0.6,78,0.051,0.066,-,,-,-,-,-0.89,-
0.20,0.052,-,-,GRV,Greenvale Min NL,0.064,,-,0.056,0.079,-,,-,-,-,-3.26,-
0.01,0.002,-,-,GRVCA,  ctg,0.003,,-,-,-,-,,-,-,-,-,-
0.02,0.004,-,-,GRVO,  opt dec11,0.02,,-,0.005,-,-,,-,-,-,-,-
1.20,0.069,0.76,0.73,GOT,Groote Res Ltd,0.76,,1732,0.735,0.75,-,,-,-,-,-2.64,-
0.95,0.002,-,-,GOTO,  opt jun10,0.51,,-,0.51,0.52,-,,-,-,-,-,-
0.78,0.24,0.75,0.73,GRY,Gryphon Min Ltd,0.745,0.5,13609,0.735,0.745,-,,-,-,-,-2.3,-
0.10,0.045,-,-,GTR,GTI Res,0.05,,-,0.04,0.06,-,,-,-,-,-3.07,-
0.77,0.40,0.655,0.655,GNM,Gujarat Nre Coal,0.655,-1.5,20,0.655,0.69,-,,-,0.52,-,-1.7,-
0.095,0.021,0.03,0.03,GLM,Gulf Mines Ltd,0.03,0.2,7650,0.028,0.032,-,,-,-,-,-0.62,-
0.001,0.001,-,-,GLMO,  opt jan13,-,,-,0.003,-,-,,-,-,-,-,-
0.057,0.018,0.022,0.02,GLF,Gulf Res,0.021,,7858,0.02,0.021,-,,-,-,-,0.4,5.3
0.01,0.005,-,-,GLFO,  opt jun11,0.005,,-,0.001,0.005,-,,-,-,-,-,-
0.01,0.005,-,-,GLFOB,  opt mar13,0.009,,-,0.006,0.008,-,,-,-,-,-,-
0.12,0.045,0.085,0.085,GUL,Gullewa Ltd,0.085,,115,0.082,0.085,-,,-,0.09,-,0.39,21.8
0.165,0.071,-,-,GUN,Gunson Res,0.074,,-,0.078,0.083,-,,-,-,-,-0.78,-
0.51,0.17,-,-,HHM,Hampton Hill Min,0.31,,-,0.315,0.36,-,,-,-,-,-0.47,-
0.295,0.085,0.23,0.23,HNR,Hannans Reward,0.23,0.5,680,0.225,0.23,-,,-,-,-,1.82,12.6
0.205,0.075,0.17,0.17,HAO,Haoma Min NL,0.17,1.5,1500,0.155,0.17,-,,-,-0.16,-,-2.61,-
0.71,0.35,0.45,0.415,HAV,Havilah Res NL,0.45,3.5,422,0.43,0.45,-,,-,-,-,-0.36,-
0.013,0.006,0.008,0.008,HAW,Hawthorn Res,0.008,0.1,1300,0.007,0.008,-,,-,-,-,-1.39,-
0.005,0.001,-,-,HAWO,  opt apr12,0.004,,-,0.001,0.004,-,,-,-,-,-,-
0.001,0.001,-,-,HAWOA,  opt sep10,0.001,,-,-,0.001,-,,-,-,-,-,-
0.005,0.002,-,-,HAWOB,  opt feb13,0.003,,-,0.002,0.004,-,,-,-,-,-,-
0.33,0.10,0.30,0.28,HAZ,Hazelwood Res,0.30,1.5,5961,0.275,0.30,-,,-,-,-,-1.54,-
0.65,0.265,0.30,0.295,HSK,Heemskirk Cons,0.295,-0.5,2100,0.295,0.30,-,,-,0.45,-,-15.91,-
0.128,0.05,0.075,0.075,HLX,Helix Res,0.075,,4689,0.075,0.079,-,,-,-,-,-5.04,-
0.05,0.018,-,-,HLXOA,  opt may11,0.023,,-,0.023,0.035,-,,-,-,-,-,-
0.92,0.055,0.805,0.75,HEM,Hemisphere Res,0.79,6,16833,0.77,0.79,-,,-,-,-,-3.2,-
0.044,0.014,0.026,0.026,HTM,Heritage Gold Nz,0.026,0.1,200,0.023,0.026,-,,-,-,-,-0.16,-
0.38,0.155,0.215,0.21,HRR,Heron Res,0.21,,1117,0.21,0.22,-,,-,-,-,-2.93,-
0.405,0.094,0.265,0.26,HIG,Highlands Pacific,0.265,,7134,0.26,0.265,-,,-,-,-,0.19,139.5
0.285,0.115,0.145,0.135,HEG,Hill End Gold,0.135,-0.5,2877,0.135,0.145,-,,-,-,-,-3.1,-
0.52,0.16,0.335,0.32,HGO,Hillgrove Res Ltd,0.32,-1.5,13294,0.32,0.325,2,f,7.00,-,6.25,14,2.3
0.22,0.08,0.22,0.18,HDG,Hodges Res,0.185,0.5,10170,0.175,0.185,-,,-,-,-,-5.52,-
0.40,0.125,0.33,0.315,HZN,Horizon Oil Ltd,0.33,,48285,0.325,0.33,-,,-,0.19,-,6.28,5.3
0.30,0.17,0.28,0.255,HCH,HOT Chili Ltd,0.27,-1,5567,0.26,0.27,-,,-,-,-,-,-
0.29,0.13,0.19,0.19,HRS,Hudson Res,0.19,-1.5,100,0.19,0.20,-,,-,0.08,-,0.15,126.7
1.28,0.335,0.795,0.77,HUN,Hunnu Coal Ltd,0.78,-1.5,1577,0.77,0.78,-,,-,-,-,-,-
0.67,0.175,0.25,0.245,ICN,Icon Energy Ltd,0.25,,5589,0.25,0.255,-,,-,-,-,-1.47,-
0.15,0.067,-,-,III,Icon Res Ltd,0.075,,-,0.075,0.077,-,,-,-,-,-1.63,-
5.04,2.70,4.50,4.36,ILU,Iluka Res,4.50,11,21659,4.43,4.50,-,,-,2.58,-,-26.8,-
1.28,0.56,0.74,0.715,IMA,Image Res NL,0.72,-2,782,0.715,0.735,-,,-,-,-,-4.82,-
0.295,0.11,0.16,0.15,IPT,Impact Min,0.15,,915,0.15,0.16,-,,-,-,-,-0.91,-
0.011,0.005,0.006,0.006,IMP,Imperial Corp Ltd,0.006,,31740,0.006,0.007,-,,-,-,-,-0.19,-
0.066,0.034,0.062,0.06,ITC,Impress Energy,0.06,-0.2,33620,0.06,0.062,-,,-,-,-,-0.55,-
0.56,0.205,0.48,0.475,IXR,IMX Res Ltd,0.48,-0.5,365,0.48,0.485,-,,-,-,-,-0.74,-
5.52,3.46,4.56,4.46,IGO,Independence Grp,4.52,-3,2639,4.42,4.55,5,f,5.04,1.30,1.11,25.18,18.0
0.061,0.018,0.024,0.022,IRL,India Res,0.024,0.2,108,0.021,0.024,-,,-,-,-,-2.36,-
0.55,0.155,0.34,0.335,IDO,Indo Mines Ltd,0.34,1,700,0.34,0.36,-,,-,-,-,-3.1,-
1.265,0.41,1.18,1.16,IRN,Indophil Res,1.18,,2936,1.175,1.18,-,,-,-,-,-2.71,-
0.185,0.042,0.14,0.14,IDM,Industrial Min,0.14,-0.5,1915,0.135,0.14,-,,-,-,-,-1.19,-
0.31,0.071,0.083,0.08,INP,Innamincka Pet,0.08,0.1,654,0.08,0.082,-,,-,-,-,-10.1,-
0.021,0.006,0.007,0.007,INL,Intec Ltd,0.007,,16020,0.006,0.007,-,,-,0.01,-,-0.12,-
0.385,0.215,0.285,0.275,IGR,Integra Min Ltd,0.275,-0.5,322619,0.27,0.275,-,,-,-,-,-1.48,-
0.033,0.004,0.014,0.014,IRG,Integrated Res,0.014,-0.2,2000,0.014,0.016,-,,-,-,-,-0.16,-
0.08,0.03,-,-,ITT,Intermet Res,0.04,,-,0.041,0.33,-,,-,-,-,-3.55,-
0.245,0.108,0.17,0.17,IRC,Intermin Res,0.17,1,300,0.165,0.18,-,,-,-,-,-0.36,-
0.031,0.025,-,-,IRCO,  opt may12,0.025,,-,0.032,0.049,-,,-,-,-,-,-
0.27,0.17,-,-,ITR,Interra Res cdi,0.17,,-,-,-,-,,-,0.13,-,0.64,26.6
0.50,0.21,0.50,0.45,IAU,Intrepid Mines,0.50,4.5,36167,0.49,0.50,-,,-,0.12,-,-2.32,-
0.145,0.06,-,-,IRM,Iron Mountain,0.07,,-,0.068,0.073,-,,-,-,-,-3.46,-
0.04,0.018,-,-,IRMO,  opt feb12,0.022,,-,0.012,0.02,-,,-,-,-,-,-
2.71,0.465,2.16,1.93,IOH,Iron Ore Hldgs,2.08,10,4429,2.02,2.08,-,,-,-,-,-9.74,-
1.85,0.028,1.15,1.05,IOHO,  opt apr11,1.05,-4,120,1.00,1.05,-,,-,-,-,-,-
1.05,0.12,0.695,0.65,IRD,Iron Road Ltd,0.69,2,1137,0.69,0.70,-,,-,-,-,-20.04,-
0.80,0.019,0.46,0.44,IRDO,  opt sep10,0.46,4,640,0.44,0.48,-,,-,-,-,-,-
0.30,0.08,0.25,0.23,IBG,Ironbark Zinc Ltd,0.23,-2.5,11721,0.225,0.23,-,,-,-,-,-0.37,-
1.67,0.189,1.20,1.155,IFE,Ironclad Min,1.17,-6.5,406,1.17,1.20,-,,-,-,-,-0.96,-
0.28,0.195,-,-,ISH,Ishine Int Res,0.26,,-,0.22,0.26,-,,-,-,-,-0.39,-
4.24,1.745,3.60,3.50,IVA,Ivanhoe Aust,3.60,,237,3.53,3.60,-,,-,-,-,-16.7,-
0.485,0.24,0.365,0.35,JML,Jabiru Metals Ltd,0.355,-1,3537,0.35,0.365,-,,-,-,-,-5,-
0.056,0.019,0.026,0.023,JAG,Jaguar Min,0.026,0.1,5000,0.024,0.027,-,,-,-,-,-1.4,-
0.62,0.044,0.075,0.075,JAL,Jameson Res,0.075,0.5,67,0.071,0.075,-,,-,-,-,-1.76,-
0.05,0.026,0.032,0.032,JAT,Jatoil Ltd,0.032,0.4,100,0.028,0.032,-,,-,0.07,-,-1.67,-
0.009,0.004,0.005,0.004,JRV,Jervois Min,0.005,0.1,4900,0.004,0.005,-,,-,-,-,-0.12,-
1.30,0.38,1.02,0.95,JRL,Jindalee Res,0.99,-2.5,1470,0.97,0.99,-,,-,-,-,95.05,1.0
0.085,0.017,0.041,0.039,JPR,Jupiter Energy,0.039,-0.1,151971,0.039,0.04,-,,-,-,-,-0.66,-
0.035,0.001,0.001,0.001,JPROA,  opt jun10,0.001,-0.1,260148,0.001,0.002,-,,-,-,-,-,-
0.32,0.09,0.285,0.28,JMS,Jupiter Mines,0.28,-1,1668,0.28,0.285,-,,-,-,-,-4.82,-
0.125,0.021,0.073,0.07,KTE,K2 Energy Ltd,0.07,-0.3,3927,0.07,0.073,-,,-,0.06,-,-1.61,-
1.32,0.60,0.695,0.665,KZL,Kagara Ltd,0.67,-3,47164,0.665,0.67,-,,-,0.67,-,-18.99,-
0.22,0.105,0.185,0.16,KIK,Kairiki Energy,0.185,2,10552,0.18,0.185,-,,-,-,-,-0.71,-
0.33,0.018,0.19,0.175,KRL,Kangaroo Res Ltd,0.18,-0.5,17663,0.17,0.18,-,,-,0.05,-,-7.13,-
12.10,4.51,8.08,7.65,KAR,Karoon Gas Aust,7.71,-35,10853,7.70,7.73,-,,-,-,-,-15.25,-
0.10,0.033,0.097,0.083,KAS,Kasbah Res,0.097,1.4,1046,0.09,0.097,-,,-,-,-,-3.04,-
0.185,0.033,0.095,0.091,KGL,Kentor Gold Ltd,0.093,,4545,0.091,0.093,-,,-,-,-,-4.19,-
0.195,0.08,-,-,KEY,Key Pet,0.09,,-,0.084,0.09,-,,-,-,-,-7.04,-
0.036,0.011,0.014,0.014,KOG,Kilgore Oil & Gas,0.014,-0.2,320,0.013,0.015,-,,-,-,-,-5.66,-
0.01,0.005,-,-,KOGO,  opt jun12,0.006,,-,0.002,0.005,-,,-,-,-,-,-
0.26,0.16,0.21,0.195,KBL,Kimberley Metals,0.20,1,2331,0.20,0.21,-,,-,-,-,-,-
0.37,0.125,-,-,KIS,King Island,0.20,,-,0.215,0.23,-,,-,-,-,-1.34,-
0.12,0.048,-,-,KSO,King Solomon Mines,0.06,,-,0.055,0.07,-,,-,-,-,-2.62,-
0.237,0.065,0.088,0.086,KMN,Kings Min NL,0.087,-0.2,1979,0.086,0.088,-,,-,-,-,-0.91,-
10.30,5.34,9.06,8.92,KCN,Kingsgate Cons,8.95,-16,2483,8.95,8.97,30,,2.73,2.69,3.35,82,10.9
0.90,0.31,0.87,0.81,KRM,Kingsrose Min Ltd,0.85,-1,940,0.83,0.85,-,,-,-,-,-6.22,-
0.68,0.18,0.65,0.60,KRMO,  opt dec12,0.65,5,520,0.60,0.65,-,,-,-,-,-,-
0.47,0.048,0.36,0.355,KOR,Korab Res,0.355,-2.5,170,0.36,0.38,-,,-,-,-,-2.22,-
0.50,0.26,0.38,0.38,KRB,Krucible Metals,0.38,,113,0.38,0.39,-,,-,-,-,-0.92,-
0.205,0.078,-,-,KEN,Kuth Energy Ltd,0.078,,-,0.065,0.078,-,,-,-,-,-1.71,-
0.16,0.09,0.145,0.14,LME,L&M Energy Ltd,0.14,,794,0.14,0.145,-,,-,-,-,-1.89,-
0.023,0.008,-,-,LSA,Lachlan Star Ltd,0.012,,-,0.012,0.014,-,,-,-,-,-0.09,-
0.26,0.097,0.105,0.10,LCR,Laconia Res Ltd,0.10,-0.5,750,0.10,0.125,-,,-,-,-,-1.7,-
0.031,0.006,0.015,0.014,LRC,Laguna Res NL,0.015,0.1,79416,0.014,0.015,-,,-,-,-,-0.16,-
0.12,0.042,-,-,LKE,Lake Res,0.05,,-,0.05,0.13,-,,-,-,-,-0.6,-
0.017,0.005,0.007,0.007,LKO,Lakes Oil NL,0.007,0.1,342527,0.006,0.007,-,,-,-,-,-0.04,-
0.042,0.013,-,-,LAT,Latin Gold Ltd,0.03,,-,0.027,0.03,-,,-,-,-,-0.2,-
0.02,0.004,-,-,LMG,Latrobe Magnesium,0.018,,-,0.016,0.018,-,,-,-,-,-0.07,-
0.18,0.045,0.055,0.05,LEF,Lefroy Res Ltd,0.05,-0.5,833,0.05,0.058,-,,-,-,-,-2.39,-
0.048,0.016,0.031,0.03,LEG,Legend Min,0.031,0.1,10025,0.03,0.031,-,,-,-,-,-0.45,-
0.295,0.084,0.235,0.22,LRL,Leyshon Res,0.23,1,7463,0.23,0.235,-,,-,-,-,12.2,1.9
0.275,0.069,0.08,0.077,LBY,Liberty Resource,0.077,,3810,0.076,0.088,-,,-,-,-,-1.55,-
4.18,2.41,4.18,4.10,LGL,Lihir Gold Ltd,4.13,-1,315144,4.12,4.13,2.96,,-,1.22,0.72,-10.93,-
0.455,0.081,0.28,0.26,LML,Lincoln Min,0.28,2,163,0.26,0.285,-,,-,-,-,-2.55,-
0.135,0.004,-,-,LMLO,  opt jun10,0.01,,-,0.01,0.02,-,,-,-,-,-,-
0.38,0.057,0.08,0.08,LIN,Lindian Res,0.08,-2,114,0.081,0.13,-,,-,-,-,-3.47,-
0.18,0.031,-,-,LINOA,  opt dec11,0.055,,-,0.02,0.055,-,,-,-,-,-,-
0.765,0.475,0.725,0.70,LRF,Linq Res Fund unt,0.70,-1,787,0.70,0.72,1,,27.30,0.95,1.43,27.3,2.6
0.06,0.038,-,-,LIO,Lion Energy Ltd,0.04,,-,0.04,0.047,-,,-,-,-,-1.87,-
0.004,0.001,-,-,LIOO,  opt aug11,0.003,,-,0.001,0.003,-,,-,-,-,-,-
0.085,0.023,-,-,LTR,Liontown Res,0.05,,-,0.05,0.06,-,,-,-,-,1.35,3.7
1.95,0.31,0.435,0.41,LNG,Liquefied Natural,0.435,2,3823,0.425,0.435,-,,-,-,-,-15.34,-
0.15,0.031,0.10,0.10,LSR,Lodestar Min,0.10,,182,0.10,0.11,-,,-,-,-,-0.74,-
0.21,0.074,0.105,0.099,LOD,Lodestone Energy,0.099,-0.1,700,0.099,0.11,-,,-,-,-,-0.87,-
0.014,0.007,0.007,0.007,LGO,Longreach Oil Ltd,0.007,,4429,0.006,0.008,-,,-,-,-,-0.16,-
0.024,0.007,0.016,0.015,LOM,Lonrho Min Ltd,0.015,-0.1,11300,0.015,0.016,-,,-,-,-,-5.3,-
0.005,0.002,-,-,LOMO,  opt jun12,0.002,,-,0.001,0.002,-,,-,-,-,-,-
0.008,0.003,0.006,0.005,LOMOA,  opt nov10,0.005,-0.1,45000,0.005,0.007,-,,-,-,-,-,-
0.47,0.25,0.28,0.28,LGM,Luiri Gold Ltd cdi,0.28,-2,580,0.27,0.295,-,,-,-,-,-,-
0.72,0.292,0.535,0.52,LYC,Lynas Corp,0.52,-1,47364,0.52,0.525,-,,-,-,-,-7.07,-
17.17,4.55,13.54,13.29,MCC,Macarthur Coal,13.50,19,17421,13.47,13.50,21,f,2.16,4.15,1.56,45.3,29.8
0.424,0.052,0.315,0.265,MHM,Macq Harbour,0.265,-0.5,11836,0.265,0.275,-,,-,-,-,-1.14,-
0.25,0.005,0.16,0.15,MHMO,  opt aug12,0.16,4,1131,0.135,0.15,-,,-,-,-,-,-
2.55,0.80,-,-,MGN,Magellan Pet cdi,2.23,,-,1.95,2.33,-,,-,-,-,-0.8,-
0.87,0.37,0.56,0.545,MMW,Magma Metals Ltd,0.56,1,65060,0.55,0.56,-,,-,-,-,-10.42,-
0.017,0.004,-,-,MAN,Magna Min NL,0.005,,-,0.005,0.006,-,,-,-,-,-0.33,-
0.001,0.001,-,-,MANCA,  ctg,0.001,,-,-,-,-,,-,-,-,-,-
0.62,0.06,0.425,0.395,MAU,Magnetic Res,0.395,-3,1363,0.395,0.425,-,,-,-,-,-2.41,-
0.34,0.12,0.20,0.20,MAUCA,  ctg,0.20,-2,196,0.14,0.20,-,,-,-,-,-,-
0.12,0.04,0.096,0.085,MGU,Magnum Min & Exp,0.096,1.6,740,0.095,0.096,-,,-,-,-,-0.61,-
0.14,0.052,0.061,0.056,MAR,Malachite Res,0.059,-0.1,2457,0.056,0.059,-,,-,-,-,-2.38,-
0.10,0.031,0.037,0.037,MGY,Malagasy Min,0.037,,1500,0.037,0.045,-,,-,-,-,-1.71,-
0.07,0.015,0.03,0.03,MAB,Mamba Min,0.03,0.3,5000,0.02,0.039,-,,-,-,-,-7.25,-
0.007,0.007,-,-,MABOA,  opt jun13,0.007,,-,0.008,-,-,,-,-,-,-,-
0.235,0.076,0.10,0.096,MSR,Manas Res Ltd,0.096,0.4,318,0.096,0.099,-,,-,-,-,-1.34,-
0.085,0.015,-,-,MSRO,  opt sep11,0.026,,-,0.025,0.03,-,,-,-,-,-,-
1.82,0.165,0.82,0.80,MHC,Manhattan Corp,0.80,-3,265,0.80,0.83,-,,-,-,-,-8.95,-
0.088,0.024,0.026,0.025,MNM,Mantle Min Corp,0.026,,1000,0.026,0.028,-,,-,-,-,-0.61,-
0.05,0.006,-,-,MNMOA,  opt dec10,0.006,,-,0.005,0.009,-,,-,-,-,-,-
6.42,2.87,4.99,4.68,MRU,Mantra Res,4.80,-11,1370,4.69,4.90,-,,-,-,-,-24.68,-
1.08,0.35,0.46,0.46,MTN,Marathon Res,0.46,-3.5,305,0.45,0.49,-,,-,-,-,-7.5,-
0.24,0.097,0.105,0.105,MGO,Marengo Min,0.105,,32,0.105,0.11,-,,-,-,-,-4,-
0.28,0.10,0.14,0.135,MEY,Marenica Energy,0.14,,300,0.13,0.14,-,,-,-,-,-2.02,-
0.38,0.026,0.045,0.042,MAE,Marion Energy,0.044,0.1,5604,0.042,0.044,-,,-,-,-,-7.4,-
0.034,0.007,0.011,0.011,MAEO,  opt dec11,0.011,0.4,500,0.006,0.011,-,,-,-,-,-,-
0.205,0.056,0.10,0.098,MEU,Marmota Energy,0.10,,4447,0.092,0.105,-,,-,-,-,-0.36,-
0.05,0.012,0.026,0.025,MZI,Matilda Zircon,0.025,-0.1,27950,0.025,0.026,-,,-,-,-,-3.1,-
0.009,0.001,-,-,MZIO,  opt jun10,0.001,,-,0.001,0.003,-,,-,-,-,-,-
0.45,0.105,0.30,0.28,MAT,Matsa Res,0.30,2,1740,0.265,0.30,-,,-,-,-,-5.09,-
0.041,0.017,0.02,0.02,MXR,Maximus Res,0.02,-0.1,250,0.019,0.02,-,,-,-,-,-4.38,-
0.83,0.091,0.42,0.405,MMR,MEC Res,0.405,-1,1296,0.405,0.415,-,,-,0.06,-,-1.53,-
0.525,0.03,-,-,MMRO,  opt jul13,0.26,,-,0.235,0.28,-,,-,-,-,-,-
4.87,1.464,4.87,4.70,MML,Medusa Min Ltd,4.85,6,10375,4.76,4.85,-,,-,0.91,-,35.43,13.7
0.825,0.105,0.355,0.34,MEO,MEO Aust Ltd,0.34,-1.5,24910,0.34,0.345,-,,-,-,-,-7.8,-
0.12,0.04,0.091,0.09,MII,Meridian Min,0.09,-0.1,1500,0.09,0.099,-,,-,-,-,-4.75,-
0.03,0.005,-,-,MIIO,  opt feb11,0.019,,-,0.008,0.015,-,,-,-,-,-,-
0.39,0.20,0.27,0.25,MLM,Metallica Min,0.27,,900,0.25,0.27,-,,-,-,-,-4.85,-
0.045,0.009,0.01,0.01,MLS,Metals Aust,0.01,,600,0.009,0.011,-,,-,-,-,-0.24,-
0.155,0.09,0.14,0.135,MLX,Metals X Ltd,0.135,,5852,0.13,0.14,-,,-,-,-,-2.49,-
0.27,0.075,0.10,0.095,MEI,Meteoric Res,0.095,-0.5,1537,0.089,0.10,-,,-,-,-,-1.96,-
0.063,0.001,-,-,MEICA,  ctg,0.013,,-,0.014,0.03,-,,-,-,-,-,-
1.01,0.36,0.395,0.38,MEL,Metgasco Ltd,0.395,-0.5,7262,0.39,0.40,-,,-,-,-,-3.08,-
0.25,0.10,0.185,0.18,MNC,Metminco Ltd,0.18,0.5,5050,0.175,0.185,-,,-,-,-,-2.42,-
0.08,0.02,-,-,MNCO,  opt dec12,0.08,,-,0.061,0.07,-,,-,-,-,-,-
0.39,0.17,0.29,0.29,MTE,Metrocoal Ltd,0.29,-0.5,844,0.29,0.30,-,,-,-,-,-1.13,-
0.165,0.015,0.105,0.10,MDS,Midas Res,0.105,,1033,0.10,0.105,-,,-,-,-,-0.51,-
0.09,0.004,-,-,MDSOB,  opt may11,0.04,,-,0.04,0.05,-,,-,-,-,-,-
0.11,0.013,-,-,MDSOC,  opt nov12,0.07,,-,0.06,0.069,-,,-,-,-,-,-
0.17,0.055,-,-,MWN,Midwinter Resourc,0.16,,-,0.145,0.175,-,,-,-,-,-1.2,-
0.041,0.025,-,-,MWNOA,  opt nov11,0.03,,-,0.03,-,-,,-,-,-,-,-
0.051,0.009,0.036,0.035,MGK,MIL Res,0.036,0.1,1008,0.035,0.036,-,,-,0.03,-,-0.52,-
0.023,0.003,-,-,MGKOA,  opt may12,0.011,,-,0.011,0.018,-,,-,-,-,-,-
0.076,0.022,0.033,0.032,MOY,Millennium Min,0.033,0.3,4663,0.032,0.034,-,,-,-,-,-0.22,-
-,-,-,-,MOYOA,  opt feb13,-,,-,0.006,-,-,,-,-,-,-,-
1.39,0.58,0.805,0.785,MRE,Minara Res,0.805,0.5,7457,0.80,0.805,-,,-,0.74,-,4.16,19.4
2.92,1.03,1.74,1.705,MCR,Mincor Res NL,1.725,-2.5,6910,1.715,1.74,7,f,1.45,0.98,4.06,10.12,17.0
0.55,0.325,0.47,0.47,MDX,Mindax Ltd,0.47,,570,0.44,0.47,-,,-,-,-,-1.83,-
0.06,0.04,0.04,0.04,MDXO,  opt dec11,0.04,,798,0.015,0.04,-,,-,-,-,-,-
0.76,0.20,0.30,0.285,MAK,Minemakers Ltd,0.30,,6197,0.30,0.305,-,,-,-,-,-13.9,-
0.065,0.001,-,-,MAKO,  opt may10,0.001,,-,0.001,0.002,-,,-,-,-,-,-
0.15,0.027,-,-,MRC,Mineral Commodities,0.04,,-,0.034,0.043,-,,-,-,-,-0.45,-
0.016,0.007,-,-,MRCO,  opt dec12,0.008,,-,0.004,0.015,-,,-,-,-,-,-
1.175,0.535,0.975,0.95,MDL,Mineral Deposits,0.97,2,2614,0.95,0.97,-,,-,0.57,-,-13.82,-
0.15,0.003,0.036,0.034,MSC,Minerals Corp,0.034,-0.1,3398,0.033,0.036,-,,-,-,-,-0.42,-
0.003,0.001,0.001,0.001,MPJ,Mining Projects,0.001,,4771,0.001,0.002,-,,-,-,-,0.01,10.0
0.002,0.001,-,-,MPJOA,  opt jul14,0.001,,-,-,0.001,-,,-,-,-,-,-
0.35,0.19,0.21,0.20,MEP,Minotaur Explore,0.21,,601,0.20,0.215,-,,-,-,-,-2.25,-
0.068,0.023,0.026,0.025,MLI,Mintails Ltd,0.026,0.1,12050,0.024,0.027,-,,-,0.13,-,-2.47,-
3.43,1.87,2.41,2.37,MBN,Mirabela Nickel,2.41,,6453,2.36,2.42,-,,-,-,-,-22.86,-
0.38,0.12,0.15,0.14,MTH,Mithril Res,0.14,,1110,0.145,0.15,-,,-,-,-,-2.71,-
0.22,0.061,0.07,0.07,MTHO,  opt sep11,0.07,,20,0.064,0.075,-,,-,-,-,-,-
0.495,0.019,0.12,0.12,MOG,Moby Oil & Gas,0.12,,4709,0.12,0.125,-,,-,-,-,-3.74,-
0.12,0.03,0.05,0.05,MDA,Modena Res Ltd,0.05,,18500,0.047,0.053,-,,-,-,-,-11.6,-
0.018,0.001,-,-,MDAO,  opt jun10,0.002,,-,-,0.002,-,,-,-,-,-,-
1.655,0.92,1.25,1.23,MPO,Molopo Energy Ltd,1.25,0.5,4326,1.225,1.25,-,,-,-,-,2.9,43.1
1.90,0.365,0.765,0.755,MOL,Moly Mines Ltd,0.76,-1,601,0.755,0.76,-,,-,-,-,-60.51,-
0.155,0.054,0.063,0.058,MRO,Monaro Min NL,0.058,-0.3,1144,0.058,0.061,-,,-,-,-,3.36,1.7
0.16,0.049,0.089,0.085,MOX,Monax Min Ltd,0.089,0.8,2928,0.086,0.089,-,,-,-,-,-0.65,-
0.075,0.017,-,-,MOXO,  opt nov11,0.035,,-,0.035,0.042,-,,-,-,-,-,-
0.01,0.001,0.004,0.004,MHL,Monitor Energy,0.004,,7850,0.004,0.005,-,,-,-,-,-0.56,-
0.003,0.001,0.002,0.001,MHLO,  opt aug11,0.001,,143750,0.001,0.002,-,,-,-,-,-,-
0.36,0.07,0.36,0.34,MZM,Montezuma Min Co,0.35,1,2854,0.34,0.36,-,,-,-,-,3.88,9.0
0.145,0.015,0.145,0.145,MZMO,  opt aug11,0.145,0.5,460,0.135,0.155,-,,-,-,-,-,-
0.06,0.007,0.012,0.01,MOO,Monto Min Ltd,0.01,-0.2,42173,0.01,0.011,-,,-,-,-,0.13,7.7
0.49,0.115,0.39,0.37,MCO,Morning Star Gold,0.39,1,2077,0.36,0.395,-,,-,-,-,-1.5,-
0.18,0.086,0.098,0.095,MOS,Mosaic Oil NL,0.098,0.2,8262,0.096,0.098,-,,-,-,-,-0.59,-
0.034,0.008,0.012,0.012,MTB,Mount Burgess Min,0.012,,369,0.011,0.013,-,,-,-,-,-0.2,-
2.09,0.68,1.64,1.58,MGX,Mount Gibson Iron,1.62,,41876,1.62,1.635,-,,-,0.78,-,6.56,24.7
0.13,0.042,0.091,0.08,MUM,Mount Magnet South,0.091,1.7,11953,0.086,0.091,-,,-,-,-,9.56,1.0
0.007,0.001,-,-,MUMO,  opt sep10,0.003,,-,0.002,0.003,-,,-,-,-,-,-
0.24,0.099,0.145,0.145,MET,Mt Isa Metals,0.145,0.5,297,0.14,0.145,-,,-,-,-,-1.26,-
0.47,0.11,0.15,0.135,MUN,Mundo Min,0.135,-1.5,2290,0.135,0.14,-,,-,-,-,0.05,270.0
3.12,1.18,2.40,2.18,MMX,Murchison Metals,2.30,8,60567,2.28,2.30,-,,-,-,-,-8.73,-
0.075,0.026,0.034,0.034,MYG,Mutiny Gold Ltd,0.034,,426,0.031,0.035,-,,-,-,-,-5.48,-
0.027,0.012,-,-,MYGO,  opt jun11,0.013,,-,0.003,0.02,-,,-,-,-,-,-
0.041,0.03,-,-,NAG,Nagambie Min Ltd,0.03,,-,0.03,0.039,-,,-,0.03,-,-1.97,-
0.365,0.065,-,-,NCO,Namibian Copper,0.185,,-,0.185,0.195,-,,-,-,-,-0.82,-
2.10,1.00,-,-,NSN,Natasa Min Ltd,1.55,,-,1.55,1.60,-,,-,2.51,-,30.6,5.1
0.254,0.115,0.205,0.19,NAV,Navigator Res,0.205,0.5,8916,0.195,0.205,-,,-,-,-,-4.38,-
0.07,0.033,0.069,0.067,NAVO,  opt nov11,0.068,0.1,8639,0.06,0.067,-,,-,-,-,-,-
0.18,0.085,0.135,0.125,NEN,Neon Energy Ltd,0.135,0.5,2838,0.125,0.135,-,,-,0.09,-,-3.9,-
0.224,0.049,-,-,NAE,New Age Exploration,0.09,,-,0.09,0.12,-,,-,0.04,-,-0.93,-
-,-,-,-,NAEO,  opt mar12,-,,-,0.02,0.04,-,,-,-,-,-,-
0.295,0.06,0.21,0.20,NGE,New Guinea Energy,0.21,1,8497,0.20,0.21,-,,-,-,-,-0.7,-
5.50,3.62,4.92,4.78,NHC,New Hope Corp,4.87,10,6771,4.83,4.90,9.5,f,3.05,2.67,1.95,29,16.8
0.255,0.035,0.225,0.215,NSE,New Standard Energy,0.225,1,3662,0.22,0.225,-,,-,-,-,3.31,6.8
1.47,1.10,-,-,NZO,NZ Oil & Gas ,1.22,,-,1.19,1.22,4.11,,-,0.96,3.37,-1.99,-
39.75,28.47,33.67,33.05,NCM,Newcrest Min,33.36,1,34818,33.31,33.36,20,,2.77,9.20,0.60,55.4,60.2
0.059,0.025,-,-,NRU,Newera Uranium,0.028,,-,0.028,0.029,-,,-,-,-,-8.6,-
0.042,0.009,-,-,NRL,Newland Res,0.015,,-,0.015,0.017,-,,-,-,-,-3.86,-
0.60,0.105,-,-,NMN,Newport Min Ltd,0.46,,-,0.45,0.48,-,,-,-,-,-3,-
0.30,0.11,0.20,0.19,NME,Nex Metals Explor,0.19,3,200,0.16,0.19,-,,-,-,-,-4.66,-
0.075,0.02,-,-,NMEO,  opt nov11,0.026,,-,0.016,0.04,-,,-,-,-,-,-
0.44,0.225,0.26,0.24,NXS,Nexus Energy Ltd,0.26,1.5,53546,0.255,0.26,-,,-,0.55,-,5.38,4.8
0.27,0.086,0.13,0.11,NGM,NGM Res Ltd,0.13,2.5,3000,0.105,0.12,-,,-,-,-,-2.02,-
0.06,0.013,0.03,0.023,NIO,Nickelore Ltd,0.03,0.8,1328,0.03,0.033,-,,-,-,-,1.09,2.8
0.215,0.11,0.155,0.145,NDO,Nido Pet,0.155,1,58074,0.15,0.155,-,,-,-,-,-2.69,-
0.131,0.04,-,-,NMR,Nimrodel Res,0.04,,-,0.04,0.045,-,,-,-,-,-5.47,-
-,-,-,-,NMROA,  opt apr11,-,,-,-,0.01,-,,-,-,-,-,-
0.685,0.165,0.355,0.345,NIP,Niplats Aust,0.345,-0.5,194,0.345,0.355,-,,-,-,-,-0.22,-
0.725,0.21,0.68,0.655,NKP,NKWE Platinum com,0.675,-0.5,17915,0.67,0.675,-,,-,-,-,-4.61,-
0.425,0.061,0.345,0.34,NKPO,  opt aug11,0.345,-1,1427,0.34,0.345,-,,-,-,-,-,-
0.675,0.135,0.44,0.43,NMG,Noble Min Res,0.44,-1,200,0.40,0.44,-,,-,-,-,-2.02,-
1.35,0.51,0.945,0.92,NGX,Norseman Gold cdi,0.92,-3,390,0.94,0.945,-,,-,0.31,-,0.35,262.9
0.072,0.012,0.042,0.038,NAD,North Aust Ltd,0.042,0.2,12800,0.04,0.042,-,,-,-,-,-0.15,-
0.36,0.20,0.225,0.22,NQM,North Queensland,0.225,,1869,0.225,0.235,1.3,,0.08,0.13,5.78,0.1,225.0
1.74,0.33,1.39,1.30,NEC,Northern Energy,1.39,8.5,2246,1.33,1.39,-,,-,-,-,-0.79,-
2.00,1.155,1.435,1.37,NFE,Northern Iron Ltd,1.435,4,665,1.415,1.47,-,,-,-,-,-47.6,-
0.29,0.018,0.12,0.12,NMI,Northern Min,0.12,-3,105,0.12,0.14,-,,-,-,-,-0.83,-
0.18,0.003,-,-,NMIOB,  opt dec11,0.13,,-,-,0.12,-,,-,-,-,-,-
0.115,0.016,0.065,0.059,NST,Northern Star,0.065,0.4,7155,0.065,0.066,-,,-,-,-,-2.91,-
0.344,0.071,0.093,0.09,NTU,Northern Uranium,0.09,-0.3,3017,0.089,0.09,-,,-,-,-,-5.9,-
0.099,0.027,-,-,NTUOA,  opt sep12,0.027,,-,0.023,0.029,-,,-,-,-,-,-
0.049,0.027,-,-,NTUOB,  opt mar12,0.027,,-,0.027,0.035,-,,-,-,-,-,-
0.10,0.045,0.07,0.065,NWR,Northwest Res,0.07,,230,0.064,0.07,-,,-,-,-,-1.94,-
0.385,0.12,0.225,0.215,NGF,Norton Gold Fields,0.22,,1925,0.22,0.225,-,,-,0.10,-,-4.5,-
0.20,0.024,0.051,0.051,NGFO,  opt oct10,0.051,1.7,100,0.051,0.059,-,,-,-,-,-,-
0.047,0.013,0.032,0.031,NWE,Norwest Energy NL,0.031,-0.2,27646,0.03,0.031,-,,-,-,-,-0.69,-
0.25,0.175,-,-,NTR,NT Res Ltd,0.20,,-,0.20,0.22,-,,-,-,-,-,-
0.40,0.036,0.29,0.275,NCR,Nucoal Res NL,0.275,-0.5,2549,0.27,0.275,-,,-,-,-,-0.07,-
0.18,0.06,0.15,0.14,NGY,Nuenergy Capital,0.15,,9000,0.15,0.155,-,,-,-,-,-12.79,-
0.025,0.002,-,-,NGYO,  opt jun10,0.002,,-,-,0.002,-,,-,-,-,-,-
1.70,0.32,0.36,0.36,NLB,Nullarbor Hldgs,0.36,,20,0.33,0.52,-,,-,-,-,-0.77,-
0.135,0.027,0.05,0.049,NUP,Nupower Res,0.049,-0.3,832,0.05,0.053,-,,-,-,-,19.88,0.2
0.27,0.10,0.27,0.27,NYO,Nyota Min Ltd,0.27,1.5,2450,0.27,0.30,-,,-,-,-,-1.9,-
3.10,0.845,3.10,2.97,OGC,OceanaGold Corp cdi,3.10,,4947,3.09,3.10,-,,-,2.35,-,35.68,8.7
0.51,0.30,-,-,OXX,Octanex NL,0.40,,-,0.35,0.38,-,,-,-,-,-0.2,-
0.23,0.099,-,-,OXXO,  opt dec10,0.11,,-,0.10,0.115,-,,-,-,-,-,-
0.027,0.011,0.011,0.011,ODN,Odin Energy Ltd,0.011,,5000,0.011,0.012,-,,-,-,-,-0.88,-
0.006,0.001,-,-,ODNO,  opt nov12,0.002,,-,0.001,0.002,-,,-,-,-,-,-
0.15,0.031,-,-,ODY,Odyssey Energy,0.054,,-,0.04,0.059,-,,-,-,-,-7.13,-
0.074,0.01,0.044,0.04,OBL,Oil Basins Ltd,0.04,,3529,0.04,0.042,-,,-,-,-,-0.64,-
0.053,0.004,0.027,0.027,OBLOA,  opt jun12,0.027,,1480,0.026,0.027,-,,-,-,-,-,-
6.93,4.97,5.73,5.62,OSH,Oil Search Ltd,5.66,-3,52153,5.65,5.69,4.47,,2.88,-,0.79,12.86,44.0
0.38,0.088,0.096,0.094,OEX,Oilex Ltd,0.094,,1550,0.094,0.098,-,,-,-,-,-11.83,-
0.115,0.037,0.054,0.051,OKU,Oklo Uranium Ltd,0.054,0.4,4250,0.05,0.057,-,,-,-,-,-0.8,-
0.435,0.22,0.435,0.41,OYM,Olympus Pacific Min,0.43,1,4333,0.405,0.43,-,,-,-,-,-,-
2.13,1.12,1.875,1.855,OMH,OM Hldgs Ltd,1.855,-1.5,6569,1.84,1.88,2,,2.79,0.54,1.08,5.59,33.2
0.09,0.023,0.036,0.035,ORD,Ord River Res,0.035,,11878,0.035,0.036,-,,-,-,-,0.63,5.6
0.06,0.027,0.027,0.027,ORH,ORH Ltd,0.027,-0.3,5540,0.017,0.027,-,,-,0.02,-,-1.02,-
0.08,0.017,0.029,0.029,ORN,Orion Gold NL,0.029,,1202,0.029,0.032,-,,-,-,-,-8.3,-
0.097,0.019,0.062,0.062,ORM,Orion Metals Ltd,0.062,0.2,24,0.062,0.085,-,,-,-,-,-7.3,-
-,-,-,-,ORMN,  def,-,,-,-,-,-,,-,-,-,-,-
-,-,-,-,ORMO,  optfeb11d,-,,-,-,-,-,,-,-,-,-,-
0.175,0.064,-,-,OIP,Orion Pet Ltd,0.079,,-,0.065,0.073,-,,-,-,-,2.12,3.7
0.024,0.002,-,-,OIPO,  opt sep10,0.002,,-,0.002,0.003,-,,-,-,-,-,-
3.00,0.419,2.58,2.42,ORE,Orocobre Ltd,2.58,11,1920,2.56,2.58,-,,-,-,-,-4.23,-
0.008,0.002,-,-,ORO,Oroya Min Ltd,0.003,,-,0.003,0.004,-,,-,-,-,-0.12,-
0.006,0.001,-,-,OROOA,  opt dec11,0.001,,-,0.001,0.002,-,,-,-,-,-,-
0.12,0.058,0.097,0.094,OEL,Otto Energy Ltd,0.096,,19635,0.095,0.096,-,,-,-,-,-9.4,-
0.117,0.018,-,-,OUM,Outback Metals,0.02,,-,0.02,0.029,-,,-,-,-,0.07,28.6
0.03,0.005,-,-,OUMO,  opt dec10,0.005,,-,-,-,-,,-,-,-,-,-
0.17,0.061,0.078,0.077,OVR,Overland Res,0.077,-0.3,482,0.078,0.082,-,,-,-,-,-1.24,-
1.325,0.70,1.10,1.06,OZL,OZ Minerals,1.085,1,369300,1.08,1.085,-,,-,0.82,-,-16.6,-
0.25,0.22,-,-,PFM,Pac Min Ltd,0.25,,-,0.25,-,-,,-,0.49,-,4.15,6.0
0.175,0.05,0.155,0.15,PNR,Pac Niugini Ltd,0.155,0.5,4300,0.14,0.15,-,,-,-,-,5.69,2.7
0.07,0.017,-,-,PSF,Pac Ore Ltd,0.051,,-,0.049,0.05,-,,-,-,-,-2.84,-
0.032,0.01,-,-,PSFO,  opt sep12,0.028,,-,0.025,0.035,-,,-,-,-,-,-
0.31,0.062,0.295,0.29,PMH,Pacmag Metals Ltd,0.295,0.5,9940,0.29,0.295,-,,-,-,-,-,-
0.016,0.006,0.008,0.007,PRE,Pacrim Energy,0.008,0.1,8562,0.007,0.008,-,,-,-,-,-0.04,-
0.051,0.006,0.017,0.015,PDY,Padbury Min Ltd,0.017,0.3,59094,0.016,0.017,-,,-,-,-,-0.33,-
0.027,0.002,0.007,0.006,PDYOB,  opt may11,0.007,0.1,22000,0.007,0.008,-,,-,-,-,-,-
0.034,0.008,-,-,PXR,Palace Res,0.014,,-,0.011,0.015,-,,-,-,-,-3.2,-
0.015,0.002,-,-,PXRO,  opt jun12,0.002,,-,0.001,0.005,-,,-,-,-,-,-
-,-,-,-,PXROA,  opt jun12,-,,-,0.003,-,-,,-,-,-,-,-
5.52,3.41,4.12,4.06,PDN,Paladin Energy,4.08,-7,31630,4.05,4.10,-,,-,1.58,-,11.67,35.0
0.66,0.225,0.25,0.245,PPP,Pan Pacific Pet,0.25,,799,0.24,0.25,-,,-,0.22,-,-2.11,-
0.65,0.30,0.52,0.50,PNA,PanAust Ltd,0.51,,144540,0.51,0.515,-,,-,0.20,-,0.96,53.1
0.23,0.099,0.12,0.11,PAX,Panax Geothermal,0.11,-0.5,3485,0.11,0.12,-,,-,-,-,-0.6,-
0.048,0.02,0.025,0.025,PAXO,  opt dec11,0.025,,600,0.023,0.025,-,,-,-,-,-,-
0.057,0.014,0.047,0.042,PCL,Pancontinental Oil,0.043,-0.3,14250,0.044,0.049,-,,-,-,-,-0.33,-
3.068,1.588,2.20,2.15,PAN,Panoramic Res,2.19,-3,7624,2.18,2.23,7,f,2.67,1.41,3.20,18.7,11.7
0.165,0.012,0.16,0.135,PIR,Papillon Res Ltd,0.155,2,20075,0.155,0.165,-,,-,-,-,-2.12,-
0.14,0.001,0.045,0.04,PIRO,  opt dec10,0.045,0.5,1125,0.045,0.135,-,,-,-,-,-,-
0.06,0.023,0.052,0.05,PIROA,  opt dec12,0.05,,3238,0.05,0.056,-,,-,-,-,-,-
0.09,0.027,-,-,PDM,Paradigm Metals,0.03,,-,0.027,0.038,-,,-,-,-,-2,-
0.16,0.017,0.08,0.08,PCP,Paramount Min,0.08,,70,0.07,0.08,-,,-,-,-,-3.6,-
0.225,0.022,0.135,0.135,PEK,Peak Res,0.135,,720,0.13,0.14,-,,-,-,-,-1.79,-
0.16,0.005,-,-,PEKOA,  opt dec10,0.095,,-,0.093,0.095,-,,-,-,-,-,-
0.159,0.075,-,-,PEX,Peel Explore,0.09,,-,0.06,0.10,-,,-,-,-,-2.9,-
0.022,0.002,-,-,PEXO,  opt nov10,0.004,,-,0.003,0.009,-,,-,-,-,-,-
0.15,0.03,-,-,PUN,Pegasus Metals,0.10,,-,0.10,0.105,-,,-,-,-,-1.74,-
0.138,0.018,0.05,0.05,PEL,Pelican Res,0.05,0.5,1000,0.047,0.06,-,,-,-,-,-1.06,-
-,-,-,-,PELNA,  def,-,,-,-,-,-,,-,-,-,-,-
0.06,0.026,0.038,0.036,PEN,Peninsula Min,0.038,0.1,20290,0.037,0.038,-,,-,-,-,-0.36,-
0.018,0.001,-,-,PENO,  opt jun10,0.001,,-,-,0.001,-,,-,-,-,-,-
0.047,0.008,0.022,0.022,PENOA,  opt jun12,0.022,-0.2,1880,0.022,0.024,-,,-,-,-,-,-
0.52,0.15,-,-,PNN,Pepinnini Min,0.21,,-,0.195,0.215,-,,-,-,-,-0.7,-
0.78,0.302,0.505,0.49,PEM,Perilya Ltd,0.495,-2,3113,0.495,0.50,-,,-,0.21,-,-27.9,-
2.14,0.685,2.05,1.995,PRU,Perseus Min Ltd,2.02,-3,15874,2.02,2.04,-,,-,-,-,-2.43,-
0.48,0.17,0.19,0.19,PTR,Petratherm Ltd,0.19,0.5,1067,0.19,0.20,-,,-,-,-,-3.74,-
0.336,0.18,0.255,0.255,PSA,Petsec Energy,0.255,-1,793,0.255,0.265,-,,-,-,-,-10.59,-
0.265,0.06,0.20,0.175,PNX,Phoenix Copper,0.20,2,5498,0.19,0.20,-,,-,-,-,-1.15,-
0.38,0.125,0.15,0.135,POZ,Phosphate Aus Ltd,0.135,-0.5,705,0.135,0.16,-,,-,-,-,-1,-
0.971,0.599,0.82,0.82,PRC,Pike River Coal,0.82,-1.5,336,0.82,0.84,-,,-,0.56,-,-4.01,-
0.26,0.08,-,-,PRCO,  opt apr11,0.10,,-,0.10,-,-,,-,-,-,-,-
0.076,0.02,0.051,0.05,PIO,Pioneer Res Ltd,0.05,-0.3,8200,0.051,0.053,-,,-,-,-,0.67,7.5
0.215,0.066,0.115,0.115,PGS,Planet Gas Ltd,0.115,0.5,1159,0.11,0.115,-,,-,-,-,-3.58,-
0.19,0.013,0.10,0.10,PMQ,Planet Metals Ltd,0.10,,119,0.09,0.10,-,,-,-,-,-3.33,-
0.453,0.19,0.28,0.28,PGM,Platina Res,0.28,-1.5,198,0.275,0.29,-,,-,-,-,-4.58,-
0.065,0.02,0.052,0.052,PGMO,  opt feb11,0.052,0.2,600,0.041,0.075,-,,-,-,-,-,-
1.29,0.75,0.92,0.875,PLA,Platinum Aust,0.885,-4,22167,0.88,0.89,-,,-,-,-,-7.8,-
0.20,0.05,0.14,0.14,PTS,Platsearch NL,0.14,-1,100,0.125,0.15,-,,-,-,-,0.2,70.0
0.95,0.32,0.415,0.39,PLV,Pluton Res,0.40,-1,1577,0.395,0.41,-,,-,-,-,-1.76,-
1.80,0.29,0.31,0.295,PVE,Po Valley Energy,0.30,-2,12102,0.295,0.30,-,,-,-,-,-11.2,-
0.55,0.20,0.265,0.245,POS,Poseidon Nick Ltd,0.26,,5860,0.255,0.26,-,,-,-,-,-0.05,-
0.19,0.05,-,-,POSOA,  opt dec11,0.08,,-,0.051,-,-,,-,-,-,-,-
0.07,0.04,0.05,0.049,PWW,Power Res Ltd,0.049,-0.1,5450,0.049,0.075,-,,-,-,-,-11.91,-
0.011,0.01,-,-,PWWO,  opt oct11,0.011,,-,0.003,-,-,,-,-,-,-,-
0.26,0.099,0.15,0.15,PDZ,Prairie Downs Metals,0.15,-1.5,645,0.15,0.165,-,,-,-,-,-1.46,-
0.12,0.05,-,-,PIM,Prime Min,0.06,,-,0.04,0.08,-,,-,-,-,-2.12,-
0.205,0.065,-,-,PRA,Promesa Ltd,0.084,,-,0.08,0.09,-,,-,-,-,-0.6,-
0.17,0.017,0.12,0.115,PSP,Prosperity Res,0.115,-0.5,2175,0.115,0.125,-,,-,-,-,-1.25,-
0.188,0.023,0.026,0.025,PRW,Proto Resource &,0.026,-0.1,4292,0.025,0.026,-,,-,-,-,-0.85,-
0.07,0.003,-,-,PRWO,  opt aug11,0.005,,-,0.002,0.004,-,,-,-,-,-,-
0.065,0.005,-,-,PRWOA,  opt dec13,0.006,,-,0.004,0.007,-,,-,-,-,-,-
0.027,0.005,-,-,PRWOB,  opt dec11,0.005,,-,0.005,0.009,-,,-,-,-,-,-
0.146,0.05,0.056,0.056,PYM,Pryme Oil & Gas,0.056,,75,0.056,0.06,-,,-,0.15,-,-3.4,-
0.425,0.053,0.12,0.115,QMN,QLD Min Corp,0.12,0.5,15132,0.115,0.12,-,,-,-,-,-1.37,-
0.035,0.023,0.035,0.028,QMNO,  opt may12,0.028,-0.7,1652,0.023,0.034,-,,-,-,-,-,-
0.029,0.006,-,-,QUR,Quantum Res,0.012,,-,0.011,0.013,-,,-,-,-,-0.13,-
0.01,0.01,-,-,QURO,  opt oct10,0.01,,-,-,-,-,,-,-,-,-,-
0.003,0.003,-,-,QUROA,  opt apr12,0.003,,-,-,-,-,,-,-,-,-,-
0.01,0.001,-,-,QUROB,  opt nov12,0.001,,-,0.001,-,-,,-,-,-,-,-
0.02,0.006,0.012,0.011,QPN,Quest Pet,0.012,,11916,0.011,0.012,-,,-,-,-,-3.55,-
0.62,0.29,0.33,0.33,RAI,Raisama Ltd,0.33,0.5,850,0.325,0.34,-,,-,-,-,-2.36,-
0.055,0.01,0.034,0.034,RMR,RAM Res,0.034,,278,0.033,0.037,-,,-,-,-,0.33,10.3
0.025,0.008,-,-,RMRO,  opt mar12,0.011,,-,0.011,0.015,-,,-,-,-,-,-
0.004,0.001,-,-,RMROA,  opt jun10,0.001,,-,-,0.001,-,,-,-,-,-,-
0.645,0.405,0.48,0.465,RMS,Ramelius Res,0.465,-1,5412,0.465,0.475,-,f,-,-,-,7.1,6.5
0.09,0.002,-,-,RMSOC,  opt jun10,0.007,,-,-,0.006,-,,-,-,-,-,-
0.50,0.21,-,-,RND,Rand Min NL,0.34,,-,0.33,0.40,-,,-,-,-,7.95,4.3
0.086,0.03,0.066,0.062,RRS,Range Res Ltd,0.063,-0.3,17595,0.062,0.063,-,,-,-,-,-1.47,-
0.037,0.012,0.022,0.02,RRSO,  opt dec11,0.02,-0.2,26801,0.019,0.021,-,,-,-,-,-,-
0.008,0.001,-,-,RRSOA,  opt oct10,0.001,,-,0.001,0.004,-,,-,-,-,-,-
0.056,0.018,0.025,0.024,RNG,Range River Gold,0.025,0.1,40715,0.024,0.025,-,,-,0.01,-,-0.65,-
0.265,0.062,0.145,0.125,RAW,Rawson Res,0.145,1,5120,0.135,0.145,-,,-,0.02,-,-0.96,-
0.195,0.067,0.155,0.145,RED,Red 5 Ltd,0.15,-0.5,35614,0.15,0.155,-,,-,-,-,-0.16,-
0.25,0.08,0.11,0.10,RMP,Red Emperor Res,0.10,-1,520,0.085,0.10,-,,-,-,-,-1.4,-
1.51,0.55,0.59,0.56,RFE,Red Fork Energy,0.57,-2,1429,0.56,0.575,-,,-,-,-,-2.71,-
4.12,2.30,-,-,RHI,Red Hill Iron,2.95,,-,2.95,3.50,-,,-,-,-,-1.89,-
0.285,0.12,0.15,0.15,RDM,Red Metal Ltd,0.15,,600,0.15,0.17,-,,-,-,-,-2.6,-
0.245,0.036,-,-,RVR,Red River Res,0.085,,-,0.072,0.085,-,,-,-,-,-1.17,-
0.065,0.006,0.019,0.017,ROG,Red Sky Energy,0.019,0.1,11747,0.017,0.019,-,,-,-,-,-0.5,-
0.042,0.006,-,-,ROGOA,  opt sep11,0.007,,-,0.007,0.008,-,,-,-,-,-,-
0.30,0.046,0.05,0.048,RCP,Redbank Copper,0.05,0.1,1557,0.046,0.052,-,,-,-,-,-0.5,-
0.23,0.06,0.085,0.085,RDS,Redstone Res,0.085,,1000,0.081,0.09,-,,-,-,-,-5.81,-
0.945,0.21,0.64,0.58,RDR,Reed Res Ltd,0.59,-3.5,1832,0.59,0.60,-,,-,-,-,-1.4,-
0.07,0.023,0.045,0.044,RLC,Reedy Lagoon Corp,0.045,0.1,251,0.045,0.049,-,,-,-,-,-1.1,-
0.073,0.03,0.042,0.037,RER,Regal Res,0.042,0.5,8310,0.039,0.04,-,,-,-,-,-0.66,-
0.033,0.006,0.012,0.011,REROB,  opt nov11,0.012,,6350,0.012,0.014,-,,-,-,-,-,-
1.07,0.399,0.97,0.955,RRL,Regis Res,0.96,0.5,6092,0.96,0.985,-,,-,-,-,-45.1,-
0.60,0.14,-,-,RRLO,  opt jan14,0.58,,-,0.44,0.58,-,,-,-,-,-,-
0.002,0.002,-,-,RRLOA,  opt apr12,0.002,,-,0.004,-,-,,-,-,-,-,-
0.20,0.02,-,-,RRLOB,  opt oct12,0.20,,-,0.16,0.40,-,,-,-,-,-,-
0.012,0.002,0.005,0.005,RSN,Renison Cons,0.005,,11200,0.004,0.005,-,,-,-,-,-0.29,-
-,-,-,-,RSNCJ,  ctg,-,,-,-,-,-,,-,-,-,-,-
0.053,0.018,0.023,0.021,RAU,Republic Gold Ltd,0.022,-0.1,21250,0.021,0.023,-,,-,-,-,-0.21,-
0.017,0.001,-,-,RAUO,  opt jun10,0.001,,-,-,0.001,-,,-,-,-,-,-
0.013,0.003,0.005,0.005,RAUOA,  opt jun11,0.005,0.1,9183,0.003,0.005,-,,-,-,-,-,-
1.30,0.515,1.275,1.225,RSG,Resolute Min,1.23,-5.5,10290,1.225,1.235,-,,-,-,-,8.68,14.2
0.685,0.22,0.66,0.63,RSGO,  opt dec11,0.64,-4,1494,0.64,0.68,-,,-,-,-,-,-
0.295,0.02,0.22,0.175,RNI,Resource And Invest,0.22,,18307,0.205,0.235,-,,-,-,-,-0.7,-
0.075,0.031,-,-,RBX,Resource Base,0.05,,-,0.026,0.041,-,,-,-,-,-2.14,-
0.02,0.02,-,-,RBXO,  opt nov11,0.02,,-,0.02,0.03,-,,-,-,-,-,-
0.801,0.34,0.57,0.56,RES,Resource Generation,0.56,,702,0.56,0.57,-,,-,0.55,-,-19.2,-
0.014,0.004,0.005,0.004,RMI,Resource Min Corp,0.005,,27440,0.004,0.005,-,,-,-,-,-0.04,-
0.007,0.001,-,-,RMIO,  opt mar12,0.003,,-,0.003,0.004,-,,-,-,-,-,-
0.19,0.056,-,-,RSL,Resource Star Ltd,0.096,,-,0.092,0.099,-,,-,0.08,-,-3.4,-
0.98,0.28,0.36,0.355,RWD,Reward Min Ltd,0.355,-2,440,0.355,0.36,-,,-,-,-,-4.89,-
2.50,0.437,1.52,1.45,RXM,Rex Min Ltd,1.50,,293,1.50,1.52,-,,-,-,-,-0.93,-
0.31,0.045,0.16,0.145,REY,REY Res Ltd,0.145,-0.5,560,0.145,0.155,-,,-,0.08,-,-1.52,-
0.43,0.10,0.35,0.35,RIA,Rialto Energy,0.35,-1.5,2522,0.345,0.35,-,,-,-,-,-7.14,-
0.075,0.01,-,-,RIAO,  opt jun11,0.075,,-,0.035,0.07,-,,-,-,-,-,-
0.34,0.04,0.27,0.25,RHM,Richmond Min,0.27,0.5,566,0.26,0.27,-,,-,-,-,-1.1,-
0.15,0.003,-,-,RHMO,  opt dec10,0.092,,-,0.072,0.11,-,,-,-,-,-,-
0.028,0.015,-,-,RIM,Rimfire Pacific,0.023,,-,0.017,0.022,-,,-,-,-,-0.08,-
81.25,46.40,68.48,67.21,RIO,Rio Tinto Ltd,68.00,-29,20610,67.96,68.00,51.56,f,5.97,13.56,0.76,307.95,22.1
10.10,4.92,9.47,9.36,RIV,Riversdale Min,9.45,-7,1851,9.25,9.55,-,,-,2.04,-,-2.09,-
0.20,0.034,0.19,0.185,RVE,Riviera Res,0.19,,1500,0.185,0.19,-,,-,-,-,-1.57,-
0.09,0.013,0.071,0.071,RVEO,  opt dec14,0.071,0.9,1800,0.071,0.09,-,,-,-,-,-,-
0.08,0.029,-,-,RMT,RMA Energy Ltd,0.05,,-,0.05,0.06,-,,-,-,-,-0.71,-
2.72,0.40,2.05,1.99,ROL,Robust Res,2.05,1,1798,2.00,2.05,-,,-,-,-,-1.13,-
0.98,0.335,0.42,0.40,ROC,Roc Oil Co,0.42,1,42593,0.42,0.425,-,,-,-,-,-19.96,-
0.47,0.061,0.25,0.235,RCI,Rocklands Rich,0.25,1,3500,0.245,0.255,-,,-,-,-,-2.55,-
0.032,0.014,0.017,0.016,RXL,Rox Res,0.016,,4000,0.016,0.018,-,,-,-,-,-0.82,-
0.007,0.002,-,-,RXLO,  opt jun11,0.002,,-,0.001,0.003,-,,-,-,-,-,-
0.02,0.005,-,-,RXLOA,  opt jul11,0.008,,-,0.006,0.01,-,,-,-,-,-,-
0.35,0.03,0.215,0.21,ROY,Royal Res,0.21,-1,547,0.21,0.225,-,,-,-,-,-1.82,-
0.25,0.10,-,-,ROYO,  opt oct11,0.13,,-,0.10,0.16,-,,-,-,-,-,-
0.50,0.28,0.50,0.49,RCO,Royalco Res,0.50,2.5,795,0.49,0.50,-,,-,-,-,6.03,8.3
0.325,0.175,0.25,0.25,RRE,Rubianna Res Ltd,0.25,-0.5,65,0.21,0.25,-,,-,-,-,-0.6,-
0.105,0.04,0.043,0.043,RBR,Rubicon Res,0.043,-1.3,20,0.043,0.05,-,,-,-,-,-3,-
0.15,0.06,-,-,RUM,Rum Jungle Uranium,0.061,,-,0.053,0.062,-,,-,-,-,-0.65,-
0.145,0.061,0.091,0.088,RML,Rusina Min NL,0.088,-0.2,1924,0.087,0.088,-,,-,-,-,-1.25,-
0.65,0.05,0.49,0.46,SBR,Sabre Res,0.49,3,2615,0.48,0.49,-,,-,-,-,-0.99,-
0.045,0.01,0.035,0.034,SSN,Samson Oil & Gas,0.034,0.1,114194,0.034,0.035,-,,-,-,-,2.18,1.6
0.025,0.003,0.021,0.02,SSNO,  opt dec12,0.02,0.1,32887,0.02,0.021,-,,-,-,-,-,-
4.39,0.267,3.49,3.43,SFR,Sandfire Res,3.46,-5,4554,3.46,3.50,-,,-,-,-,-14.15,-
16.10,12.50,13.28,13.01,STO,Santos Ltd,13.12,-3,52773,13.10,13.18,42,f,1.24,-,3.20,52.1,25.2
0.53,0.15,0.465,0.455,SAR,Saracen Min,0.455,-1.5,10176,0.455,0.46,-,,-,-,-,-4.93,-
0.30,0.125,-,-,SARO,  opt jun13,0.275,,-,0.20,-,-,,-,-,-,-,-
0.20,0.13,-,-,SCR,Scandinavian Res,0.17,,-,0.145,0.17,-,,-,-,-,-,-
0.03,0.025,0.03,0.028,SCRO,  opt oct11,0.03,0.2,250,0.03,0.04,-,,-,-,-,-,-
0.26,0.081,0.09,0.087,SGZ,Scotgold Res,0.09,0.3,1395,0.09,0.094,-,,-,-,-,-1.35,-
0.091,0.01,-,-,SEG,Segue Res,0.025,,-,0.024,0.03,-,,-,-,-,-0.79,-
0.005,0.001,-,-,SEGO,  opt jun10,0.001,,-,-,0.001,-,,-,-,-,-,-
0.28,0.12,0.16,0.145,SRR,Shaw River Res,0.145,-1,2600,0.15,0.17,-,,-,-,-,-2.5,-
0.25,0.08,0.25,0.22,SHX,Shield Min,0.22,1,3886,0.22,0.24,-,,-,-,-,-3.3,-
0.22,0.13,-,-,SHH,Shree Min Ltd,0.15,,-,0.14,0.15,-,,-,-,-,-,-
0.14,0.03,0.14,0.12,SRM,Sierra Min,0.14,3,500,0.12,0.14,-,,-,-,-,-0.2,-
0.028,0.002,0.028,0.028,SRMO,  opt dec10,0.028,0.8,4617,0.028,0.03,-,,-,-,-,-,-
0.055,0.009,-,-,SBL,Signature Metals,0.034,,-,-,-,-,,-,-,-,-0.24,-
0.105,0.025,0.081,0.08,SIH,Sihayo Gold Ltd,0.08,,5599,0.081,0.082,-,,-,-,-,-1.11,-
0.04,0.005,-,-,SIHO,  opt jan11,0.02,,-,0.02,0.035,-,,-,-,-,-,-
1.40,0.475,1.38,1.31,SLR,Silver Lake Resource,1.38,5.5,12330,1.36,1.385,-,,-,0.28,-,7.96,17.3
0.125,0.035,0.12,0.11,SVL,Silver Mines Ltd,0.12,0.5,7219,0.115,0.12,-,,-,-,-,-1.65,-
0.675,0.25,-,-,SWN,Silver Swan Grp,0.305,,-,0.305,0.32,-,,-,-,-,-9.25,-
0.345,0.046,0.05,0.05,SEH,Sino Gas Energy,0.05,,2200,0.049,0.059,-,,-,-,-,-1.69,-
0.07,0.001,-,-,SEHO,  opt jun10,0.001,,-,-,0.001,-,,-,-,-,-,-
0.036,0.002,-,-,SEHOA,  opt dec11,0.005,,-,0.001,0.005,-,,-,-,-,-,-
0.09,0.019,0.023,0.019,SNV,Sinovus Min Ltd,0.019,-0.5,3600,0.019,0.024,-,,-,-,-,-3.79,-
0.165,0.032,0.094,0.091,SRI,Sipa Res Ltd,0.091,-0.2,5043,0.091,0.092,-,,-,-,-,-0.87,-
0.026,0.006,-,-,SIR,Sirius Res NL,0.009,,-,0.008,0.009,-,,-,-,-,-0.19,-
0.145,0.026,0.061,0.061,SGY,Solimar Energy,0.061,-0.4,1000,0.061,0.066,-,,-,-,-,-1.64,-
0.017,0.003,0.012,0.011,SNE,Somerton Energy,0.011,-0.1,4764,0.011,0.012,-,,-,-,-,-3.17,-
0.21,0.057,0.12,0.12,SXG,Southerncross Gold,0.12,,100,0.115,0.12,-,,-,-,-,-2.99,-
0.06,0.008,0.017,0.017,SXGO,  opt nov10,0.017,0.2,267,0.017,0.02,-,,-,-,-,-,-
0.15,0.04,-,-,SVM,Sovereign Metals,0.10,,-,0.10,0.12,-,,-,-,-,-2.23,-
0.033,0.001,-,-,SVMO,  opt jun10,0.001,,-,0.001,0.005,-,,-,-,-,-,-
2.29,0.51,1.94,1.89,SPH,Sphere Min Ltd,1.90,,681,1.90,1.945,-,,-,-,-,-4.95,-
0.18,0.066,0.14,0.13,SPI,Spitfire Res,0.135,-1.5,8258,0.13,0.135,-,,-,-,-,-1.67,-
0.025,0.003,-,-,SPIO,  opt jun10,0.012,,-,0.001,0.01,-,,-,-,-,-,-
0.37,0.169,0.325,0.305,SBM,St Barbara Ltd,0.32,0.5,299255,0.315,0.32,-,,-,0.21,-,-2.37,-
1.02,0.31,0.76,0.75,SMR,Stanmore Coal Ltd,0.75,-5,125,0.75,0.80,-,,-,-,-,-2.22,-
0.13,0.036,-,-,SRZ,Stellar Res,0.074,,-,0.07,0.074,-,,-,-,-,-0.87,-
0.145,0.042,-,-,SAY,Sth American Cor,0.053,,-,-,-,-,,-,-,-,-5,-
1.03,0.079,0.63,0.60,STB,Sth Boulder Mines,0.63,2,1225,0.63,0.645,-,,-,-,-,0.57,110.5
0.058,0.022,0.026,0.026,SXX,Sthn Cross Expl,0.026,-0.4,223,0.026,0.06,-,,-,-,-,-0.5,-
0.18,0.086,0.105,0.10,SAU,Sthn Gold,0.10,,1360,0.097,0.10,-,,-,-,-,-0.9,-
0.575,0.35,-,-,SUH,Sthn Hem Min cdi,0.37,,-,0.36,0.38,-,,-,-,-,-,-
0.275,0.062,0.145,0.135,SNU,Sthn Uranium,0.145,,107,0.135,0.14,-,,-,-,-,-2.27,-
0.148,0.051,-,-,SMZ,Stirling Min,0.10,,-,0.105,0.12,-,,-,-,-,1.63,6.1
0.02,0.002,-,-,SMZO,  opt jun10,0.002,,-,0.001,-,-,,-,-,-,-,-
0.045,0.03,0.039,0.039,SMZOA,  opt dec13,0.039,,250,0.039,0.039,-,,-,-,-,-,-
0.284,0.024,-,-,SRE,Stirling Res,0.125,,-,0.105,0.125,-,,-,-,-,0.35,35.7
0.05,0.008,0.008,0.008,SREO,  opt jun12,0.008,-2.2,238,0.008,0.01,-,,-,-,-,-,-
0.03,0.02,-,-,SREOB,  opt jun12,0.026,,-,0.026,0.03,-,,-,-,-,-,-
0.175,0.012,-,-,SHE,Stonehenge Metals,0.08,,-,0.076,0.08,-,,-,-,-,-0.95,-
0.06,0.015,-,-,SHEOA,  opt dec12,0.044,,-,0.022,0.043,-,,-,-,-,-,-
2.157,1.19,1.30,1.26,SRL,Straits Res,1.30,4,12149,1.28,1.30,-,,-,2.58,-,51.8,2.5
0.039,0.013,0.028,0.025,SER,Strategic Energy,0.028,0.5,3820,0.027,0.028,-,,-,-,-,-0.51,-
0.048,0.017,0.02,0.02,SMC,Strategic Min,0.02,,6748,0.02,0.021,-,,-,-,-,-0.23,-
0.345,0.16,0.27,0.255,STX,Strike Energy Ltd,0.255,-1,3939,0.255,0.27,-,,-,-,-,2.37,10.8
1.245,0.40,0.73,0.72,SRK,Strike Res,0.73,-2.5,251,0.73,0.76,-,,-,-,-,20.96,3.5
0.08,0.026,-,-,STZ,Strzelecki Metals,0.045,,-,0.04,0.059,-,,-,-,-,-1.64,-
0.025,0.01,-,-,STZO,  opt aug10,0.016,,-,-,0.015,-,,-,-,-,-,-
0.84,0.43,0.48,0.47,STU,Stuart Pet Ltd,0.48,1,426,0.45,0.48,-,,-,0.45,-,3.5,13.7
0.02,0.004,-,-,SSC,Sultan Corp,0.01,,-,0.009,0.01,-,,-,-,-,-0.32,-
0.355,0.17,-,-,SUM,Sumatra Copper cdi,0.195,,-,0.20,0.21,-,,-,-,-,-,-
2.38,1.629,2.10,2.08,SMM,Summit Res,2.10,-7,57,2.10,2.20,-,,-,-,-,-1.67,-
0.11,0.057,-,-,SUR,Sun Res NL,0.062,,-,0.057,0.061,-,,-,-,-,-3.16,-
0.20,0.071,0.145,0.14,SEA,Sundance Energy,0.14,-0.5,1842,0.14,0.145,-,,-,-,-,-2.4,-
0.215,0.11,0.145,0.135,SDL,Sundance Res,0.135,-0.5,44225,0.135,0.14,-,,-,-,-,-0.54,-
0.20,0.051,-,-,SEY,Sunset Energy Ltd,0.10,,-,0.096,0.10,-,,-,-,-,-1.88,-
0.09,0.06,-,-,SPQ,Superior Res,0.063,,-,0.061,0.125,-,,-,-,-,-0.04,-
1.77,0.67,1.03,1.015,SLV,Sylvania Res,1.025,5,2481,1.025,1.05,-,,-,-,-,-2.24,-
0.28,0.11,0.16,0.16,SMD,Syndicated Metals,0.16,,280,0.155,0.17,-,,-,-,-,-2.73,-
0.025,0.02,-,-,SMDO,  opt dec11,0.025,,-,0.025,0.05,-,,-,-,-,-,-
0.026,0.013,-,-,SML,Synergy Metals,0.018,,-,0.018,0.02,-,,-,-,-,-0.18,-
0.01,0.003,-,-,SMLO,  opt aug11,0.003,,-,0.002,0.006,-,,-,-,-,-,-
0.081,0.015,-,-,SYS,Syngas Ltd,0.02,,-,0.02,0.022,-,,-,-,-,-0.59,-
0.32,0.032,-,-,SYR,Syrah Res,0.145,,-,0.105,0.145,-,,-,-,-,-5.46,-
1.44,0.27,0.81,0.80,TLM,Talisman Min,0.80,-0.5,887,0.80,0.805,-,,-,-,-,-4.36,-
1.095,0.14,0.59,0.56,TLMO,  opt dec10,0.59,5,330,0.565,0.59,-,,-,-,-,-,-
0.082,0.025,0.052,0.05,TAM,Tanami Gold NL,0.05,-0.2,84427,0.049,0.05,-,,-,-,-,0.05,100.0
1.45,0.88,1.025,1.005,TAP,Tap Oil Ltd,1.025,-1,2594,1.025,1.03,-,,-,0.76,-,4.3,23.8
0.117,0.021,0.022,0.022,TEX,Target Energy,0.022,,4389,0.022,0.023,-,,-,-,-,-1.83,-
0.037,0.005,-,-,TEXOB,  opt oct12,0.007,,-,0.007,0.012,-,,-,-,-,-,-
0.105,0.02,0.085,0.082,TGX,Tasman Goldflds,0.082,-0.1,2793,0.082,0.086,-,,-,-,-,-9.55,-
0.22,0.026,0.14,0.14,TAS,Tasman Res Ltd,0.14,,3050,0.135,0.14,-,,-,-,-,-0.8,-
0.12,0.008,-,-,TASOB,  opt jun12,0.09,,-,0.061,0.09,-,,-,-,-,-,-
1.11,0.81,-,-,TMM,Tasmania Mines,0.87,,-,0.90,1.11,-,,-,1.33,-,19.5,4.5
0.028,0.008,-,-,TAW,Tawana Res NL,0.016,,-,0.016,0.025,-,,-,-,-,-0.75,-
0.01,0.01,-,-,TAWOA,  opt apr11,0.01,,-,0.001,-,-,,-,-,-,-,-
0.087,0.023,0.061,0.057,TTR,Tectonic Res,0.057,-0.5,840,0.058,0.062,-,,-,-,-,-0.49,-
0.091,0.03,0.04,0.035,TMX,Terrain Min,0.035,0.4,3222,0.035,0.04,-,,-,-,-,-2.51,-
0.01,0.001,0.001,0.001,TMXO,  opt jul10,0.001,,6240,-,0.002,-,,-,-,-,-,-
1.05,0.58,0.79,0.755,TZN,Terramin Aust,0.79,3.5,300,0.75,0.785,-,,-,0.52,-,-6.89,-
0.285,0.13,0.20,0.19,TTY,Territory Res,0.20,0.5,1775,0.19,0.20,-,,-,-,-,-7.73,-
0.205,0.071,0.09,0.09,TUC,Territory Uranium,0.09,0.1,219,0.082,0.09,-,,-,-,-,-0.91,-
0.011,0.001,-,-,TUCO,  opt jun10,0.002,,-,-,0.01,-,,-,-,-,-,-
0.545,0.195,0.405,0.39,TXN,Texon Pet Ltd,0.405,1,10383,0.405,0.41,-,,-,-,-,-2.09,-
0.067,0.014,-,-,THR,Thor Min Plc cdi,0.016,,-,0.016,0.018,-,,-,-,-,-1.58,-
0.78,0.13,0.61,0.585,THX,Thundelarra Explor,0.59,-3,4386,0.585,0.59,-,,-,-,-,-3.24,-
0.56,0.06,0.40,0.37,THXOA,  opt mar13,0.37,-3,100,0.35,0.40,-,,-,-,-,-,-
0.46,0.125,0.38,0.38,TCM,Tiaro Coal Ltd,0.38,-2,50,0.375,0.40,-,,-,-,-,-1.67,-
0.32,0.093,0.23,0.225,TGS,Tiger Res,0.225,-0.5,1661,0.21,0.24,-,,-,-,-,-1.63,-
0.12,0.04,0.056,0.056,TNG,TNG Ltd,0.056,,144,0.056,0.06,-,,-,-,-,-0.18,-
0.16,0.058,-,-,TEU,Top End Uranium,0.12,,-,0.12,0.13,-,,-,-,-,-3.34,-
0.285,0.096,0.105,0.10,TOE,Toro Energy Ltd,0.105,0.5,6486,0.10,0.105,-,,-,-,-,-5.61,-
0.40,0.125,0.13,0.125,TEY,Torrens Energy,0.125,-0.5,850,0.125,0.13,-,,-,-,-,-1.11,-
1.092,0.122,0.65,0.63,TRF,Trafford Res,0.65,1,694,0.63,0.65,-,,-,-,-,-3.82,-
0.184,0.057,-,-,TKL,Traka Res,0.14,,-,0.13,0.155,-,,-,-,-,-1.92,-
0.034,0.012,0.016,0.016,TSV,Transerv Energy,0.016,,300,0.016,0.017,-,,-,-,-,-0.04,-
0.605,0.125,-,-,TRH,Transit Hldgs,0.24,,-,0.24,0.25,-,,-,-,-,-5.83,-
0.17,0.08,0.10,0.095,TRO,Tri Origin Min,0.095,1,300,0.095,0.10,-,,-,-,-,-1.82,-
0.045,0.007,-,-,TEG,Triangle Energy,0.025,,-,0.025,0.029,-,,-,-,-,0.29,8.6
1.25,0.66,-,-,TBR,Tribune Res NL,0.92,,-,0.95,1.02,-,,-,-,-,18.39,5.0
0.275,0.15,-,-,TON,Triton Gold Ltd,0.16,,-,0.15,0.16,-,,-,-,-,-,-
0.09,0.05,-,-,TONO,  opt dec13,0.052,,-,0.051,0.068,-,,-,-,-,-,-
2.92,1.173,2.92,2.66,TRY,Troy Res NL,2.86,22,7011,2.85,2.87,4,,-,-,1.40,-2.6,-
0.14,0.047,-,-,TRM,Truscott Min Corp,0.08,,-,0.085,0.105,-,,-,-,-,-0.72,-
0.795,0.32,-,-,TKA,Tusker Gold Ltd,0.785,,-,-,-,-,,-,-,-,-2.67,-
0.17,0.099,0.13,0.13,UTO,U308 Ltd,0.13,,590,0.12,0.13,-,,-,-,-,-0.7,-
0.011,0.004,0.005,0.005,UCL,Union Res Ltd,0.005,,53000,0.005,0.006,-,,-,-,-,-0.99,-
0.002,0.001,-,-,UCLO,  opt dec10,0.002,,-,-,-,-,,-,-,-,-,-
0.05,0.03,-,-,UOG,United Orogen,0.031,,-,0.03,0.032,-,,-,-,-,-1.3,-
0.02,0.001,-,-,UOGO,  opt aug10,0.002,,-,0.001,0.002,-,,-,-,-,-,-
0.295,0.067,0.115,0.11,UUL,United Uranium,0.11,-0.5,1248,0.11,0.115,-,,-,-,-,-0.42,-
0.08,0.026,-,-,UULOA,  opt jun12,0.026,,-,0.027,0.04,-,,-,-,-,-,-
0.40,0.12,0.135,0.125,URL,Universal Res,0.13,-0.5,12734,0.125,0.13,-,,-,-,-,-1.09,-
0.07,0.04,0.05,0.049,URM,Uramet Min,0.05,-0.4,1000,0.045,0.05,-,,-,-,-,-0.75,-
0.091,0.017,-,-,URA,Uran Ltd,0.018,,-,0.018,0.02,-,,-,-,-,-1.99,-
0.045,0.005,-,-,URAOA,  opt jul12,0.005,,-,0.005,0.035,-,,-,-,-,-,-
0.58,0.18,0.245,0.205,UNX,Uranex NL,0.205,-0.5,6638,0.205,0.215,-,,-,-,-,-3.25,-
0.28,0.09,-,-,UEQ,Uranium Equities,0.093,,-,0.092,0.10,-,,-,-,-,-1.68,-
0.20,0.041,0.044,0.043,UXA,Uranium Explore,0.044,0.1,2389,0.042,0.045,-,,-,-,-,-6.37,-
0.315,0.065,0.24,0.225,USA,Uraniumsa Ltd,0.225,-1.5,1490,0.22,0.225,-,,-,-,-,-4.8,-
0.11,0.056,-,-,VEC,Vector Res Ltd,0.085,,-,0.066,0.089,-,,-,-,-,-0.7,-
0.04,0.018,-,-,VECO,  opt jun12,0.03,,-,0.028,0.039,-,,-,-,-,-,-
0.50,0.17,0.38,0.35,VMS,Venture Min,0.355,1.5,21271,0.345,0.36,-,,-,-,-,-3,-
0.135,0.021,0.086,0.083,VXR,Venturex Res,0.083,-0.8,690,0.083,0.085,-,,-,-,-,0.91,9.1
1.00,0.15,0.70,0.675,VMC,Venus Metals Cor,0.675,-2.5,50,0.675,0.75,-,,-,-,-,-2.18,-
0.40,0.05,-,-,VMCO,  opt jul11,0.35,,-,-,0.55,-,,-,-,-,-,-
0.455,0.23,0.285,0.27,VPE,Victoria Pet,0.27,-2,1004,0.27,0.285,-,,-,-,-,0.19,142.1
0.195,0.12,-,-,VGM,Victorian Gold Mines,0.15,,-,0.10,0.145,-,,-,-,-,-0.94,-
0.042,0.028,-,-,VGMO,  opt mar14,0.04,,-,0.04,0.042,-,,-,-,-,-,-
0.30,0.115,-,-,VWM,Victory West Moly,0.14,,-,0.14,0.145,-,,-,-,-,-2.67,-
0.075,0.035,-,-,VWMOA,  opt feb12,0.04,,-,0.017,0.07,-,,-,-,-,-,-
0.36,0.25,0.36,0.33,VKA,Viking Ash,0.345,0.5,21467,0.34,0.345,-,,-,-,-,-,-
0.125,0.04,0.105,0.10,VML,Vital Metals Ltd,0.10,-0.5,3857,0.10,0.105,-,,-,-,-,-0.41,-
0.045,0.014,0.021,0.02,VOR,Voyager Res,0.02,-0.3,3100,0.019,0.02,-,,-,-,-,2.54,0.8
0.01,0.006,0.007,0.007,VORO,  opt sep11,0.007,0.1,5000,0.006,0.007,-,,-,-,-,-,-
0.25,0.11,0.165,0.16,WGO,Waratah Gold Ltd,0.16,-2,200,0.17,0.18,-,,-,-,-,-2.69,-
0.16,0.028,-,-,WCP,WCP Res Ltd,0.068,,-,0.068,0.079,-,,-,-,-,1.22,5.6
0.105,0.015,-,-,WCPO,  opt jun10,0.03,,-,0.009,0.029,-,,-,-,-,-,-
0.145,0.06,0.075,0.075,WWI,West Wits Min Ltd,0.075,-0.5,235,0.075,0.08,-,,-,0.22,-,-0.75,-
6.60,3.72,4.34,4.26,WSA,Western Areas NL,4.29,-9,5294,4.26,4.40,3,,-,0.63,0.70,-7.49,-
0.849,0.085,0.46,0.45,WDR,Western Desert Res,0.45,,2264,0.45,0.465,-,,-,-,-,-5.3,-
0.62,0.028,-,-,WDRO,  opt nov11,0.31,,-,0.30,-,-,,-,-,-,-,-
1.06,0.22,0.74,0.685,WPG,Western Plains Res,0.72,4.5,357,0.68,0.74,-,,-,-,-,-2.35,-
0.56,0.22,0.395,0.355,WGR,Westgold Res,0.365,-1,1746,0.355,0.38,-,,-,-,-,0.41,89.0
0.043,0.018,0.02,0.02,WGP,Westralian Gas & Pwr,0.02,0.1,260,0.019,0.02,-,,-,-,-,-2.37,-
0.01,0.003,-,-,WGPOA,  opt oct11,0.003,,-,0.003,0.004,-,,-,-,-,-,-
0.72,0.295,0.59,0.52,WCL,Westside Corp,0.58,4,6671,0.575,0.59,-,,-,-,-,-3.4,-
-,-,-,-,WCLN,  def,-,,-,-,-,-,,-,-,-,-,-
0.17,0.037,0.08,0.08,WWW,Whinnen Res,0.08,,400,0.061,0.08,-,,-,-,-,-3.27,-
0.03,0.015,-,-,WWWO,  opt apr13,0.02,,-,0.02,0.03,-,,-,-,-,-,-
0.445,0.095,0.105,0.105,WCU,White Canyon Uranium,0.105,-0.5,163,0.105,0.115,-,,-,-,-,-0.93,-
0.095,0.045,0.075,0.067,WCN,White Cliff Nickel,0.073,0.8,2190,0.063,0.073,-,,-,-,-,-0.93,-
0.029,0.007,0.007,0.007,WCNO,  opt jun11,0.007,-0.2,600,0.008,0.01,-,,-,-,-,-,-
3.69,1.40,3.20,3.17,WEC,White Energy Co,3.20,-4,3714,3.15,3.20,-,,-,-,-,-14.79,-
6.05,2.09,5.20,5.05,WHC,Whitehaven Coal,5.18,8,8473,5.08,5.19,8.8,f,3.22,2.09,1.70,28.3,18.3
0.125,0.016,0.038,0.037,WHN,WHL Energy Ltd,0.038,,6063,0.038,0.039,-,,-,0.03,-,-0.59,-
0.25,0.185,-,-,WAC,Wild Acre Metals,0.19,,-,0.19,0.21,-,,-,-,-,-,-
0.70,0.127,0.31,0.29,WHE,Wildhorse Energy,0.30,1,6384,0.30,0.305,-,,-,-,-,-10.3,-
0.22,0.13,0.16,0.16,WCR,Winchester Res,0.16,,100,0.16,0.20,-,,-,-,-,-1.08,-
0.56,0.29,-,-,WLF,Wolf Min,0.39,,-,0.32,0.39,-,,-,-,-,-2.35,-
53.869,38.795,44.92,44.20,WPL,Woodside Pet,44.80,-1,13598,44.45,44.98,110,f,2.35,-,2.46,259,17.3
0.10,0.035,-,-,XNU,Xanadu Res Ltd,0.08,,-,0.052,0.08,-,,-,-,-,-7.98,-
0.012,0.012,-,-,XNUO,  opt apr13,0.012,,-,0.013,-,-,,-,-,-,-,-
0.12,0.032,0.12,0.085,XST,XState Res,0.12,3.7,7697,0.12,0.165,-,,-,0.05,-,-0.68,-
0.091,0.024,0.028,0.027,YRR,Yellow Rock,0.027,,3000,0.027,0.028,-,,-,-,-,-15.3,-
0.025,0.006,-,-,YRROA,  opt sep12,0.007,,-,0.006,0.009,-,,-,-,-,-,-
0.35,0.15,0.26,0.255,YTC,YTC Res,0.26,-1,4210,0.255,0.265,-,,-,-,-,-3,-
0.065,0.02,-,-,ZRL,Zambezi Res cdi,0.022,,-,0.022,0.024,-,,-,-,-,-4.1,-
0.13,0.019,0.075,0.069,ZGM,Zamia Gold Mines,0.069,-1,2525,0.069,0.075,-,,-,-,-,-1.31,-
12.65,7.10,-,-,ZIM,Zimplats Hldgs,11.75,,-,11.00,11.75,-,,-,-,-,35.15,33.4
0.24,0.027,0.235,0.22,ZNC,Zinc Co Aust,0.225,0.5,2413,0.225,0.23,-,,-,-,-,-0.9,-
